DonorID,FirstName,LastName,Email,Phone,Address,DonationAmount,LastDonationDate,PreferredContactMethod,Volunteer,EventParticipationCount,MembershipStatus,TotalDonations,Region,LoyaltyScore,CommunicationOptIn,AgeGroup,Gender
100,Joann,Maxwell,hperry@hotmail.com,(117)544-9268,"Unit 5415 Box 7098, DPO AA 79140",895.14,2023-09-26,Email,True,3,Inactive,2685.42,West,223.78,False,51-65,Non-Binary
101,Sonya,Freeman,harrisonreginald@martin.biz,471.295.4479,"154 Derrick Point, Meganfurt, SD 11503",527.36,2024-02-02,Email,True,2,Inactive,1054.72,South,175.79,True,65+,Male
102,Stephanie,Carroll,kstone@hotmail.com,+1-201-491-8621x7216,"35320 Parker Estate, East Katelynville, IN 06099",683.44,2024-08-27,Email,True,1,Active,683.44,East,341.72,False,36-50,Female
103,James,Irwin,dansparks@gmail.com,007-267-7825x6785,"2701 Ward Plaza, West Nancy, OH 82285",112.75,2023-12-31,Email,True,5,Inactive,563.75,North,18.79,True,51-65,Non-Binary
104,Stephanie,Murphy,jasonbowers@hotmail.com,3982825876,"293 Henderson Ferry, South Alexis, NM 18095",778.4,2023-12-25,Email,False,1,Active,778.4,West,389.2,True,26-35,Male
105,Paul,Chapman,alexis96@gmail.com,(197)096-4309x9686,"32666 Lopez Union, New Jeffrey, WV 08104",377.36,2023-09-08,Email,False,8,Active,3018.88,South,41.93,True,65+,Non-Binary
106,Kyle,Montoya,hernandezjessica@yahoo.com,854.209.2539,"34628 Amy Manors Apt. 256, Davidfort, NM 78574",238.86,2024-08-14,Phone,True,6,Active,1433.16,South,34.12,True,51-65,Non-Binary
107,Mary,Contreras,stevensonsteven@yahoo.com,(274)700-9545x2607,"8710 Randall Manor, West Brian, ID 57874",596.19,2024-09-16,Email,False,9,Active,5365.710000000001,South,59.62,False,51-65,Non-Binary
108,Candace,Ward,kimberlyramos@hotmail.com,(641)622-5314x21875,"5122 Ruiz Fords, Kellyfort, UT 93613",368.77,2024-08-17,Email,False,10,Inactive,3687.7,North,33.52,True,65+,Male
109,Aaron,Arellano,kosborne@martinez.com,231-422-3157x8125,"5658 Bailey Parkway Suite 224, North Jasonview, CA 46858",135.25,2022-12-22,Phone,True,3,Inactive,405.75,West,33.81,False,51-65,Female
110,Kenneth,Walton,chad76@hotmail.com,+1-546-755-3844x357,"9917 Shelby Isle Suite 244, Gravesburgh, GA 92760",746.95,2022-12-17,Email,False,2,Active,1493.9,South,248.98,False,65+,Male
111,Michael,Wade,sharonsuarez@hotmail.com,925-079-0749,"571 Leslie Inlet, South David, NH 09005",863.77,2023-07-07,Phone,True,4,Inactive,3455.08,North,172.75,True,18-25,Non-Binary
112,Mary,Ramirez,bhenderson@gmail.com,001-975-027-7625x28998,"128 Barron Throughway Apt. 536, Kimberlyberg, TX 89842",645.31,2024-12-08,Email,False,1,Inactive,645.31,North,322.65,True,65+,Female
113,Sarah,Petersen,jameswebb@murray.com,+1-763-226-2124x885,"420 Andersen Ranch Apt. 408, Peterberg, NM 41778",205.76,2023-09-25,Phone,False,6,Active,1234.56,East,29.39,True,26-35,Non-Binary
114,Samantha,Ramirez,lisamcknight@christensen.org,(109)003-1301x359,"Unit 9356 Box 0577, DPO AE 54245",271.36,2024-04-29,Phone,False,9,Inactive,2442.2400000000002,West,27.14,False,36-50,Male
115,Kayla,Padilla,kimberlygonzalez@cooper.com,001-914-595-9845x037,"05387 Tonya Burg Suite 606, Garyfurt, ME 02764",737.39,2024-11-19,Phone,False,2,Active,1474.78,South,245.8,False,51-65,Non-Binary
116,Raymond,Barnes,hardingcasey@haley.info,+1-891-480-5116,"8006 Christopher Walk, New Jessicabury, FL 21401",498.57,2024-03-18,Phone,False,1,Inactive,498.57,West,249.28,False,51-65,Male
117,Stephanie,Aguilar,kimberlyatkins@mcdowell-perkins.biz,038-690-8799x980,"20609 Kennedy Streets, North Ian, MD 02053",238.96,2024-02-14,Phone,False,7,Inactive,1672.72,West,29.87,False,65+,Female
118,Tiffany,Murphy,burtonmichael@hotmail.com,+1-250-440-3266x9904,"7253 Thornton Place, Port Susanborough, OR 77452",57.49,2023-02-02,Email,True,2,Inactive,114.98,North,19.16,False,26-35,Female
119,Cheryl,Cobb,christopher24@yahoo.com,960.904.1551x210,"7279 Melinda Parks, East Kyleview, NY 48791",526.95,2024-09-04,Email,True,4,Active,2107.8,West,105.39,True,65+,Non-Binary
120,William,Mercer,helenfuentes@yahoo.com,(515)965-7771,"8879 Roger Village Apt. 107, Port Kristinehaven, WY 49091",328.35,2023-03-28,Email,False,8,Inactive,2626.8,West,36.48,True,51-65,Non-Binary
121,Shawn,Blair,ubarnett@yahoo.com,298-532-1068x51213,"67931 Phillips Terrace, Ericmouth, MI 61058",964.38,2024-10-13,Phone,True,1,Inactive,964.38,West,482.19,True,36-50,Non-Binary
122,Autumn,Lawson,rherring@evans.biz,(652)642-5433,"616 Thomas Fall Apt. 342, New Ericchester, CA 02473",778.47,2024-05-15,Email,True,1,Active,778.47,South,389.24,True,65+,Non-Binary
123,Lucas,Martin,johnsonrichard@gmail.com,150.424.0454,"0684 William Wells Apt. 844, Lake Melindamouth, IN 93147",313.26,2023-08-05,Email,True,4,Inactive,1253.04,South,62.65,True,36-50,Non-Binary
124,Sara,Mason,tammy81@cunningham-christensen.info,001-558-805-1516,"57981 Smith Island Suite 319, Bennettland, MS 53935",317.21,2024-01-01,Phone,True,5,Active,1586.05,South,52.87,False,26-35,Male
125,Stephanie,Harvey,alexis76@hotmail.com,031.776.8975,"4879 Harrison Land Apt. 662, New Jeffreymouth, HI 12054",940.77,2024-07-15,Email,True,0,Active,0.0,North,0.0,True,65+,Non-Binary
126,Courtney,Wells,ubrown@yahoo.com,001-773-213-1260x92055,"4489 Duncan Way Apt. 373, Port Shawnmouth, WI 59365",832.38,2024-07-12,Phone,True,1,Active,832.38,East,416.19,False,51-65,Non-Binary
127,Kimberly,Jackson,flemingjesus@parks.info,301.519.2391,"05779 Cheryl Club, New Steven, MO 53959",911.44,2023-06-19,Phone,False,10,Inactive,9114.400000000001,South,82.86,True,65+,Female
128,Todd,Clayton,stonegregory@richardson.com,001-714-578-6069x68963,"5905 Darren Plaza Apt. 922, Jasonville, MD 30168",506.13,2023-07-20,Email,True,3,Active,1518.3899999999999,North,126.53,True,18-25,Female
129,Tammy,Acevedo,aaronyoung@dixon.com,+1-057-584-9548x72557,"PSC 3457, Box 5798, APO AA 40027",166.91,2024-03-27,Email,True,7,Active,1168.37,West,20.86,False,36-50,Female
130,James,Duncan,bbrown@ortiz.com,001-619-873-7635x318,"719 Haley Extensions Apt. 039, Leahberg, DE 53784",953.77,2023-02-01,Email,True,0,Inactive,0.0,North,0.0,True,36-50,Female
131,Jonathan,Compton,marias@gmail.com,+1-060-147-0525,"4450 Crosby Springs, Smithchester, WA 90621",826.0,2023-09-10,Phone,False,6,Active,4956.0,East,118.0,True,65+,Male
132,Shirley,Zavala,bruce97@smith-jones.com,+1-123-572-5358x50483,"138 Powell Union Suite 779, Andersonstad, ME 73520",605.82,2023-03-14,Email,True,2,Active,1211.64,South,201.94,True,18-25,Male
133,Joseph,Dixon,emily19@long-burke.net,001-218-430-3944x682,"90985 Walls Square Apt. 322, New Jessica, MS 28951",201.13,2024-02-09,Phone,True,0,Active,0.0,South,0.0,True,26-35,Male
134,Rachel,Parker,gina59@hotmail.com,001-476-469-9166x3128,"1262 Fuller River, Mackmouth, NY 89347",304.81,2023-09-07,Phone,False,3,Inactive,914.4300000000001,East,76.2,False,51-65,Female
135,Joshua,Ross,bonnieburton@becker.org,417-797-2877x505,"5832 Erin Trafficway, Holmesview, NY 15741",532.17,2023-08-10,Email,True,5,Active,2660.85,South,88.69,True,65+,Female
136,Debra,Taylor,leewang@stanley-steele.com,(769)361-8292x80426,"9346 Singleton Cliffs, South Cindy, AR 18877",921.83,2023-03-05,Phone,True,2,Active,1843.66,South,307.28,True,18-25,Female
137,Alicia,Ramirez,diana67@hall-george.com,3723152061,"7054 Hernandez Shore Apt. 712, Allenfurt, KS 04465",715.69,2023-06-14,Phone,True,1,Active,715.69,West,357.85,True,36-50,Non-Binary
138,Michael,Garcia,mwatson@collier.com,098-069-3951,"PSC 4482, Box 0893, APO AA 73532",788.49,2024-04-16,Email,False,7,Active,5519.43,West,98.56,False,36-50,Female
139,Connor,Garcia,jimmy94@brown-hernandez.com,298-228-1079x79703,"5460 Michael Village Suite 192, Joetown, IA 51329",312.36,2024-07-19,Phone,False,3,Active,937.08,East,78.09,True,51-65,Male
140,Craig,Brown,dennis18@medina-anderson.com,297-834-0577x246,"824 Scott Streets, Drewview, OH 21494",868.24,2023-01-12,Phone,False,8,Inactive,6945.92,South,96.47,True,65+,Male
141,Jeffrey,Barber,parksbarry@lynn.info,+1-962-209-6315x2624,"26911 Herrera Points Apt. 054, East Abigailland, PA 23634",94.33,2024-04-07,Phone,False,8,Active,754.64,West,10.48,True,18-25,Non-Binary
142,Duane,Savage,bowmanjeffrey@aguilar.com,(137)007-7500,"1542 Martinez Prairie Suite 716, North Natalie, WV 31913",140.38,2023-04-30,Phone,True,1,Active,140.38,East,70.19,True,65+,Non-Binary
143,Caleb,Rocha,coreylong@yahoo.com,(147)600-7412x309,"96587 Jacqueline Skyway, Rodriguezstad, MD 72825",177.97,2024-04-15,Email,True,1,Inactive,177.97,South,88.98,False,18-25,Male
144,Holly,Bernard,colemanmelissa@hotmail.com,+1-866-143-0508x11180,"333 Kimberly Canyon, Harrisburgh, NY 82503",200.44,2023-02-02,Phone,True,4,Active,801.76,West,40.09,True,18-25,Male
145,Hannah,Wong,yhall@gmail.com,337.209.2876x28780,"828 Harper Forks, South David, MN 78769",488.89,2023-03-26,Phone,False,1,Inactive,488.89,South,244.44,False,51-65,Male
146,Jeremy,Carroll,nstephenson@gmail.com,5326298361,"805 Sullivan Mall Apt. 498, New Tiffany, CA 56303",441.46,2023-01-23,Phone,False,5,Inactive,2207.2999999999997,North,73.58,True,65+,Male
147,Hannah,Fischer,judith86@hotmail.com,(265)894-5361,"153 Brooke Views, Lake Robert, CT 27773",288.75,2023-08-28,Email,True,9,Inactive,2598.75,East,28.88,False,36-50,Female
148,Pamela,Dougherty,carol96@yahoo.com,695-608-0846x80455,"139 Prince Course Suite 371, New Seanbury, OR 87177",871.54,2023-03-16,Email,False,0,Inactive,0.0,East,0.0,False,18-25,Non-Binary
149,Karen,Gonzales,cabbott@hotmail.com,268.314.1297x6340,"4115 Nguyen Inlet, Boydview, AL 89263",747.84,2022-12-30,Phone,False,2,Active,1495.68,South,249.28,False,26-35,Female
150,Lisa,Murray,emma49@yahoo.com,444-174-2685x660,"323 Wallace Passage, Foxbury, MS 69567",212.76,2024-07-10,Phone,False,8,Active,1702.08,South,23.64,False,51-65,Male
151,Shelly,Schultz,andersontammy@ramirez-thomas.com,572.862.3904x95271,"14749 Christopher Point, South James, LA 23563",682.77,2024-10-05,Email,False,10,Inactive,6827.7,South,62.07,True,18-25,Female
152,Martin,Camacho,perezmichael@yahoo.com,062-295-8652x382,"4456 Mcclure Views Suite 012, Kingfurt, AK 86677",58.57,2022-12-31,Phone,True,9,Active,527.13,South,5.86,False,36-50,Female
153,Desiree,Ramirez,james14@yahoo.com,221.491.8064x9408,"159 Bradley Loop, Whitakerport, WA 36343",692.86,2023-02-18,Phone,True,1,Active,692.86,East,346.43,True,26-35,Female
154,Thomas,Barnes,dking@thornton.com,710.806.2832x09608,"79521 King Run Suite 020, Stephensberg, IN 71474",407.51,2024-10-26,Email,False,3,Inactive,1222.53,North,101.88,True,18-25,Female
155,Steven,Taylor,mariaday@wilson.com,(951)380-5571x266,"175 Scott Corners, North Charles, HI 62209",749.65,2023-09-26,Email,False,7,Inactive,5247.55,West,93.71,True,36-50,Male
156,Barbara,Beck,sheltonkristina@gonzales.biz,(756)695-0891,"76577 Mclaughlin Estate Apt. 206, Emilyburgh, AK 81638",217.44,2024-10-20,Email,True,0,Inactive,0.0,East,0.0,False,36-50,Female
157,Nathan,Anderson,williamcarey@tucker.biz,7325902566,"596 Herrera Mountain Apt. 849, West Colleenborough, KY 81410",374.76,2023-11-20,Email,True,7,Active,2623.3199999999997,North,46.84,False,65+,Male
158,Joshua,Young,nicholas64@yahoo.com,326-467-5256,"3063 Fox Road, Crystalmouth, AR 83777",767.34,2024-02-18,Email,False,10,Active,7673.400000000001,East,69.76,False,65+,Female
159,Erin,Burton,tiffany94@gmail.com,896-775-6715,"04613 Danielle Harbors, Melissaview, NY 96735",957.83,2024-10-29,Phone,True,3,Inactive,2873.4900000000002,North,239.46,True,65+,Female
160,Cindy,Graham,reneenash@yahoo.com,(501)298-2814x17982,"06476 Tiffany Loop, West Danielletown, RI 24725",669.11,2023-11-28,Phone,True,8,Active,5352.88,South,74.35,True,51-65,Male
161,Scott,Sanders,john15@hotmail.com,323-791-4881,"4714 Juan Isle Apt. 269, Danielland, GA 42357",830.41,2023-03-08,Email,False,7,Active,5812.87,East,103.8,True,18-25,Female
162,Jacqueline,Schneider,qwilliams@hotmail.com,+1-475-749-1184x46228,"6348 Harris Vista, Larsenhaven, SC 71579",336.29,2024-08-11,Phone,True,4,Inactive,1345.16,South,67.26,True,36-50,Female
163,Todd,Gilbert,paul98@hotmail.com,294-105-5535,"PSC 3785, Box 2267, APO AE 57594",744.42,2024-09-11,Email,False,5,Inactive,3722.1,South,124.07,True,51-65,Male
164,Jeanne,Blankenship,jefferybryan@blair.biz,(282)437-2817x442,"9369 Christopher Walks, North Tinaborough, DE 78778",706.69,2024-06-23,Phone,False,10,Active,7066.900000000001,East,64.24,False,36-50,Female
165,Angelica,Hickman,wolfemartha@hotmail.com,(675)965-9666x0400,"Unit 6907 Box 3308, DPO AE 58328",326.52,2023-03-01,Email,True,2,Active,653.04,South,108.84,True,18-25,Male
166,Timothy,Vance,johnsonwilliam@strong.net,947.450.1717x116,"PSC 8830, Box 4046, APO AE 28209",125.92,2023-05-24,Phone,True,10,Inactive,1259.2,West,11.45,False,36-50,Female
167,Eric,Smith,michael32@nichols-wood.net,471.170.6427x6587,"239 Ayers Light Suite 882, Mortonshire, TX 37303",527.94,2023-08-09,Phone,False,9,Active,4751.460000000001,North,52.79,True,51-65,Female
168,Sarah,Bailey,randymadden@arroyo.net,(548)367-9490x88950,"89929 Eric Alley, Howardchester, MS 15416",165.96,2023-12-02,Email,True,3,Active,497.88,South,41.49,False,65+,Female
169,Lauren,Anderson,foxmelanie@atkinson-howard.com,001-956-416-0216,"116 Johnson Parkway, Marthafurt, SD 07198",451.34,2023-04-10,Email,True,0,Active,0.0,South,0.0,True,36-50,Female
170,Alexandria,Wilson,megan88@hotmail.com,(606)955-6871x2207,"4947 Cynthia Stream, Catherineland, CO 10255",69.51,2023-03-05,Email,False,7,Active,486.57000000000005,North,8.69,True,18-25,Male
171,Justin,Bass,johnsonmiguel@hotmail.com,771.189.1655x465,"886 Welch Hollow Suite 184, Hamiltonburgh, AK 06704",818.34,2023-11-15,Email,True,0,Inactive,0.0,East,0.0,False,65+,Male
172,Micheal,Shelton,raymondgomez@hotmail.com,655.001.9118,"2372 Leah Pike, Port Christopher, TX 74217",173.85,2024-12-05,Email,False,3,Active,521.55,South,43.46,True,26-35,Male
173,Jerry,Anderson,espinozamichelle@gmail.com,138-450-5313,"75127 Richardson Plain, Rebeccaside, NE 99694",785.24,2023-03-10,Email,False,1,Active,785.24,West,392.62,True,18-25,Non-Binary
174,Sara,White,alexandersusan@yahoo.com,514.672.0178x5583,"1784 Jennifer Ports, Paulamouth, VA 96393",146.21,2024-07-11,Email,False,1,Inactive,146.21,North,73.11,False,18-25,Non-Binary
175,Tina,Coleman,rachelmejia@hotmail.com,(846)099-7085,"USCGC Evans, FPO AP 13678",154.76,2024-05-15,Phone,True,7,Inactive,1083.32,East,19.34,False,65+,Female
176,Jessica,Hansen,annewilliams@gmail.com,001-932-626-1624,"83476 Richard Prairie, Cookfurt, MN 14593",915.18,2023-04-28,Email,True,5,Inactive,4575.9,North,152.53,True,51-65,Male
177,Michael,Flores,hughesjacob@hanson.com,(964)344-1848,"59287 Dawson Lakes Apt. 340, West Mariaburgh, HI 74827",404.85,2024-10-11,Email,False,8,Active,3238.8,East,44.98,False,65+,Female
178,David,Ramsey,jgeorge@gmail.com,721-269-7372x5436,"1268 Martinez Plains, South Andrewmouth, FL 64527",433.42,2023-04-21,Phone,True,5,Active,2167.1,East,72.24,False,18-25,Male
179,Billy,Miller,kmathis@andrade-gray.com,+1-381-666-5884x105,"619 Maurice Hollow Apt. 460, North Andrefort, WV 25576",642.88,2023-11-22,Phone,False,5,Active,3214.4,North,107.15,False,51-65,Non-Binary
180,Kimberly,Palmer,castroalexandra@arnold-anderson.org,+1-665-453-3547x467,"599 Shaw Junctions, New Seanhaven, OR 04254",996.16,2023-02-17,Phone,True,9,Inactive,8965.44,East,99.62,False,26-35,Male
181,Victoria,Craig,aliciagreen@knight-walker.com,001-823-462-3469x64192,"9363 Christian Turnpike, Lake Catherinefurt, FL 81535",605.66,2022-12-19,Phone,False,0,Active,0.0,South,0.0,False,65+,Male
182,David,Frost,fisherchristine@wilson.com,+1-354-366-9080x851,"1937 Heather Burgs, Port Nicholasfort, OR 18324",491.6,2023-04-21,Email,False,7,Active,3441.2000000000003,South,61.45,False,36-50,Non-Binary
183,Elizabeth,Petersen,madison59@thomas.com,(645)781-3680x80995,"094 Jackson Route Suite 851, Robertton, NE 97855",527.57,2023-06-26,Email,False,6,Inactive,3165.42,East,75.37,True,51-65,Male
184,Andrew,Steele,danielle96@gmail.com,192.126.9052x5764,"488 Heather Freeway, Smithville, RI 95823",172.94,2024-11-01,Email,False,0,Inactive,0.0,East,0.0,True,65+,Non-Binary
185,Leah,Jackson,qvance@hotmail.com,(315)289-1012x8585,"299 Sandra Course Apt. 807, East Ambershire, FL 04618",340.46,2023-08-20,Phone,False,6,Active,2042.7599999999998,East,48.64,False,51-65,Non-Binary
186,Michael,Walker,mking@flores-allen.info,001-093-220-3293x2749,"7804 Chad Shoal, Jenniferview, AK 48167",258.31,2024-12-07,Email,False,5,Active,1291.55,West,43.05,True,36-50,Non-Binary
187,Nicole,Nguyen,megan55@warren-phillips.com,001-417-164-5313x02369,"USNS Barker, FPO AA 28520",544.79,2024-06-11,Phone,True,4,Inactive,2179.16,South,108.96,True,65+,Non-Binary
188,Corey,Davis,rebecca41@gmail.com,+1-185-308-7652x0620,"8994 Leah Burgs, Smithland, NM 61056",596.25,2024-07-16,Phone,True,6,Inactive,3577.5,West,85.18,False,51-65,Female
189,Meredith,Lee,chensean@hotmail.com,684.819.8958x930,"2908 Anna Cape Suite 602, Smithshire, UT 83719",213.61,2024-09-28,Email,False,0,Inactive,0.0,South,0.0,False,65+,Female
190,Donald,Wallace,johnsonkristopher@hayes.com,+1-313-331-8781x518,"742 Lynch Heights Suite 386, North Brenda, RI 50789",135.02,2024-02-20,Phone,False,6,Active,810.1200000000001,North,19.29,False,18-25,Male
191,Emily,Day,john75@lopez.com,(633)482-6415,"910 Hamilton Circle Apt. 531, East Sharon, HI 31389",224.96,2024-03-14,Phone,True,6,Inactive,1349.76,West,32.14,True,51-65,Non-Binary
192,Nicholas,Wright,pachecosara@gmail.com,(981)320-0575x013,"PSC 1212, Box 9278, APO AA 71450",741.15,2024-03-01,Email,False,5,Inactive,3705.75,East,123.52,True,65+,Female
193,Karen,James,savannah58@kelly-brown.com,4758796052,"11354 Chaney Plains, New Courtney, GA 27947",516.75,2024-02-13,Email,True,6,Inactive,3100.5,East,73.82,True,26-35,Male
194,Rachel,Bowman,tgilbert@little-williamson.com,365.468.6008x248,"7754 Gray Ranch, North Cindyshire, WV 49381",267.87,2023-09-13,Email,False,7,Inactive,1875.0900000000001,East,33.48,True,65+,Non-Binary
195,Ebony,Delgado,jennifer17@gmail.com,4514131055,"366 Zuniga Circles Apt. 503, West Robertborough, WA 17426",836.45,2023-04-21,Phone,True,1,Inactive,836.45,East,418.23,False,51-65,Female
196,Haley,Davis,kevin40@yahoo.com,(884)578-2848x4775,"334 Charles Mount, Jameshaven, HI 36061",963.05,2024-04-18,Email,False,1,Active,963.05,East,481.52,False,51-65,Non-Binary
197,Meghan,Stokes,salaslisa@hotmail.com,(666)884-5938x02380,"537 Strickland Trafficway, Port Brenda, UT 35444",153.83,2024-08-29,Phone,False,2,Active,307.66,West,51.28,True,65+,Non-Binary
198,Juan,Gray,johnsontimothy@gmail.com,788.183.1976x01061,"7086 Ronald Island Suite 385, Aaronport, WI 97463",587.95,2024-02-17,Phone,True,2,Inactive,1175.9,South,195.98,True,18-25,Female
199,Eric,Stanley,carterronald@bennett.biz,083-739-7082x4729,"84290 Justin Locks Suite 929, East Zachary, MT 84502",666.99,2024-05-11,Phone,False,10,Inactive,6669.9,East,60.64,False,26-35,Male
200,Kathryn,Mckenzie,harringtonamanda@best.biz,001-437-600-7359,"719 Douglas Place, Deleonside, MT 02339",589.57,2024-08-16,Email,True,4,Inactive,2358.28,North,117.91,True,51-65,Male
201,Elizabeth,Turner,joshua66@adams.com,(088)734-2011x511,"853 Lee Oval Apt. 321, South Rachel, DE 59890",673.06,2024-09-14,Phone,True,2,Inactive,1346.12,East,224.35,False,36-50,Male
202,Angela,Sims,fosterrobert@yahoo.com,436-646-1305x50777,"USNV Robbins, FPO AA 12334",573.13,2023-08-12,Phone,True,2,Active,1146.26,North,191.04,True,18-25,Non-Binary
203,Isabella,Erickson,vrussell@long.com,+1-336-289-0514,"85885 Johnson Skyway Suite 845, South Tamaramouth, MI 52892",139.33,2024-03-20,Email,True,4,Active,557.32,North,27.87,True,65+,Non-Binary
204,Allison,Bryan,rachelbarrett@gmail.com,(291)270-0019,"280 Woodward Drives, West Misty, LA 27545",588.07,2024-06-19,Email,False,0,Active,0.0,West,0.0,False,36-50,Non-Binary
205,Bethany,Lewis,christinekane@cummings.com,001-977-342-3703x830,"76571 Terry Pike, Lake Mikeside, CO 20350",446.15,2024-01-16,Email,True,0,Active,0.0,South,0.0,True,36-50,Non-Binary
206,Brandon,Martinez,bradley73@golden.info,537.404.0437,"56416 Keller Mount, East Jamesview, MT 98483",334.71,2023-06-29,Email,False,4,Inactive,1338.84,North,66.94,True,51-65,Female
207,Tina,Wilson,toddmiller@gmail.com,127.112.4984,"28843 Bates River Suite 934, West Davidfurt, WY 76649",348.14,2023-06-30,Phone,False,8,Active,2785.12,East,38.68,False,65+,Female
208,Robin,Lawrence,nathanbrown@yahoo.com,(536)989-2980,"47696 David Stravenue Suite 917, Lake Monica, NH 71571",492.32,2023-10-14,Email,True,3,Active,1476.96,North,123.08,True,18-25,Non-Binary
209,Rebecca,Smith,mritter@gmail.com,001-384-144-7431x67637,"9802 Kristen Centers Suite 234, New Davidview, AZ 62570",977.55,2024-11-23,Email,False,3,Inactive,2932.6499999999996,West,244.39,False,65+,Female
210,Willie,Richards,andrea87@gmail.com,+1-060-685-4362x700,"USNS Herring, FPO AE 06130",426.15,2023-10-04,Email,False,8,Active,3409.2,West,47.35,False,18-25,Male
211,Veronica,Cain,avalencia@yahoo.com,332.113.8969x86120,"57617 Cole Club Apt. 312, North Bridgetstad, MI 73492",640.69,2024-06-09,Phone,False,1,Inactive,640.69,East,320.35,True,36-50,Non-Binary
212,Amy,Bryan,taylorjoseph@gmail.com,368.747.6024,"Unit 9995 Box 6322, DPO AA 88961",349.52,2023-03-23,Email,False,0,Active,0.0,East,0.0,True,65+,Male
213,Thomas,Neal,rjenkins@yahoo.com,001-511-708-4692x6919,"4681 Richardson Circle Apt. 540, West Teresa, SD 62185",490.32,2023-02-11,Phone,False,10,Active,4903.2,South,44.57,True,65+,Female
214,Carolyn,Robinson,crawfordjoseph@gmail.com,(082)169-4008,"891 Samuel Streets Apt. 090, South Brandi, MT 41571",803.93,2023-05-08,Email,True,3,Inactive,2411.79,North,200.98,False,26-35,Male
215,Angela,Rivera,cheryl12@cowan-wright.net,+1-315-069-1694,"6378 Ross Lakes Apt. 459, West Susanborough, ID 21654",327.98,2023-02-16,Phone,False,6,Inactive,1967.88,West,46.85,True,18-25,Female
216,Yvette,Stephens,devindavila@hotmail.com,148-678-5667x25140,"2307 Christine Village Apt. 538, Collinsview, AZ 86621",197.62,2022-12-16,Email,True,4,Active,790.48,South,39.52,False,18-25,Female
217,Michael,Montes,taylorjennifer@gmail.com,+1-847-579-5471,"9921 Ronald Mills Suite 998, West Josephland, OH 14118",880.68,2023-12-26,Email,False,1,Active,880.68,West,440.34,False,36-50,Male
218,Kristin,Farmer,fergusondaniel@wells.org,001-800-418-5204x66457,"851 Katie Road, New Wayne, CO 68884",487.62,2023-12-25,Email,True,1,Inactive,487.62,West,243.81,False,26-35,Male
219,Joshua,Walton,csmith@cummings.com,754-247-6349x28409,"9979 Warren Lake Apt. 316, Yvonneshire, FL 43537",200.48,2023-09-04,Phone,False,4,Inactive,801.92,South,40.1,False,65+,Female
220,Sean,Guerrero,victoria35@johnson-cruz.com,+1-177-909-1358x7580,"192 Miller Groves, Woodtown, ME 06880",719.62,2024-05-16,Email,False,0,Active,0.0,North,0.0,False,51-65,Female
221,Mark,Johnson,stephaniegregory@yahoo.com,318.373.9542x5165,"56914 Tanner Village, North Kellieshire, MN 54938",123.0,2024-01-10,Email,False,6,Active,738.0,North,17.57,True,36-50,Non-Binary
222,Ryan,Townsend,martinezwillie@warner.com,+1-874-149-9006x834,"36163 Isaac Camp Apt. 632, Lake Dennis, RI 99239",139.51,2023-01-09,Phone,True,9,Active,1255.59,East,13.95,True,18-25,Female
223,Brandy,Cline,woodsjustin@mckenzie.com,199.795.9520x8048,"46056 Ramirez Valley, Smithhaven, LA 71328",458.04,2023-04-29,Email,False,9,Active,4122.360000000001,South,45.8,False,51-65,Non-Binary
224,Emily,Byrd,hbyrd@yahoo.com,371.183.8408x1551,"01616 Luis Square, Alishaland, MO 80704",886.06,2023-10-23,Email,False,7,Active,6202.42,South,110.76,False,51-65,Non-Binary
225,Samantha,Meyer,megan86@hotmail.com,856-171-2303,"199 Parrish Lights Apt. 826, West Ronald, MA 31829",957.65,2024-07-24,Phone,True,8,Active,7661.2,North,106.41,True,36-50,Non-Binary
226,Dustin,Smith,alicia92@gilbert-nunez.info,+1-346-725-5161x306,"77878 Vaughan Ports, South Breannaton, NC 54284",266.44,2023-10-28,Email,True,6,Inactive,1598.6399999999999,North,38.06,True,51-65,Non-Binary
227,Brian,Eaton,brenda86@hotmail.com,0301429890,"Unit 1474 Box 5814, DPO AP 66563",656.54,2024-09-24,Phone,False,7,Inactive,4595.78,West,82.07,True,18-25,Male
228,Shawn,Peck,tfisher@white-hunt.net,860-046-1982,"15107 Mcguire Plains, Darrellstad, NE 91759",695.23,2023-01-29,Phone,False,9,Inactive,6257.07,South,69.52,True,51-65,Female
229,Christopher,Walsh,ahuffman@gmail.com,974.124.3147x54672,"5138 Jeremy Viaduct Apt. 208, Elizabethside, AZ 12826",694.7,2023-02-18,Email,False,6,Inactive,4168.200000000001,East,99.24,False,36-50,Male
230,Kimberly,Fry,lewiscassandra@calderon-gibson.net,681-085-0468x1144,"07726 Kimberly Mountain, Melissafort, NM 05346",330.17,2023-01-23,Phone,False,4,Inactive,1320.68,East,66.03,False,26-35,Female
231,Jason,Jones,baxtersergio@ramos-brown.com,001-732-582-1085,"54842 Sherri Mills Suite 842, South Jesus, ID 85285",679.17,2024-09-01,Phone,False,8,Inactive,5433.36,South,75.46,True,65+,Female
232,Karen,Warren,carolynserrano@gmail.com,387.573.6072x0231,"9010 Evans Villages, North Jennifer, DC 16215",931.65,2023-09-13,Email,False,3,Active,2794.95,South,232.91,True,18-25,Non-Binary
233,Erin,Rose,williamsjesse@gmail.com,609-207-0039,"1738 Vargas Ridge Suite 378, South Dominique, GA 88478",792.01,2023-12-02,Email,True,3,Inactive,2376.0299999999997,East,198.0,False,18-25,Female
234,Michael,Adkins,dana48@wiggins.org,1225286021,"961 Todd Rapids, Port Nicholasport, AK 27160",627.22,2023-11-08,Phone,False,8,Active,5017.76,East,69.69,True,26-35,Non-Binary
235,Tammy,Smith,justin51@yahoo.com,225-770-3876,"6371 Earl Ranch Apt. 668, Stephanieburgh, NV 44125",207.18,2024-11-26,Phone,False,2,Inactive,414.36,West,69.06,False,65+,Non-Binary
236,Janice,Shelton,lblack@durham.biz,972.489.4175,"PSC 0691, Box 8080, APO AA 74690",276.67,2023-09-15,Email,True,10,Active,2766.7000000000003,North,25.15,True,18-25,Male
237,Jaclyn,Scott,chad62@gmail.com,691-338-1911x12392,"062 Shelley Mills, Lake Eric, NV 65549",938.01,2024-11-21,Email,False,4,Active,3752.04,East,187.6,True,65+,Non-Binary
238,Kyle,Allen,william53@ross.com,001-351-974-5213x0406,"USNS Morris, FPO AE 26720",391.69,2024-11-10,Phone,True,1,Active,391.69,West,195.84,True,51-65,Male
239,Jennifer,Davis,davisrebecca@martin.info,290.877.7264,"93725 Stewart Mews, Jamesshire, NY 53025",992.85,2024-11-28,Phone,False,9,Inactive,8935.65,North,99.28,True,26-35,Male
240,Lauren,Payne,vwells@gmail.com,208.416.7037x67567,"8272 Jeremy Lakes Suite 182, Danastad, MI 57127",271.48,2024-09-29,Email,True,5,Active,1357.4,South,45.25,False,26-35,Non-Binary
241,Brian,Schneider,brooksemily@yahoo.com,731-449-2597x460,"250 Hood Glen, Mathewsland, OK 71226",407.97,2023-05-30,Email,True,7,Active,2855.79,South,51.0,False,51-65,Male
242,Nicholas,Smith,stephen12@walker.com,(216)640-7552,"930 Timothy Road Suite 351, Lake Sharon, NE 99580",135.29,2024-04-01,Phone,True,9,Inactive,1217.61,North,13.53,True,65+,Non-Binary
243,Misty,Richards,sanchezpedro@yahoo.com,1770876001,"20358 Webb Extension Apt. 465, Lake Davidport, SC 86847",473.06,2023-08-06,Email,False,0,Active,0.0,South,0.0,True,26-35,Female
244,Michelle,Rivas,rickrobertson@hotmail.com,001-109-908-7617x521,"8617 Patel Haven Suite 339, West Carriehaven, RI 15981",936.31,2023-05-22,Email,True,5,Inactive,4681.549999999999,North,156.05,False,26-35,Female
245,Troy,Hernandez,cynthia97@shelton-conrad.com,001-109-204-6269x7128,"3284 Rich Station, Youngside, DC 56552",574.99,2023-09-20,Phone,True,9,Active,5174.91,East,57.5,True,65+,Non-Binary
246,Brittany,Parks,piercebrian@yahoo.com,080.519.7446x37593,"91560 Evans Court Suite 222, Port Lisashire, AZ 52427",42.14,2024-07-21,Phone,False,9,Active,379.26,South,4.21,True,51-65,Female
247,Stephanie,Wright,molly57@gmail.com,(717)337-2226x26143,"8120 Emily Radial Apt. 396, Port Sabrinamouth, ID 96035",300.39,2023-04-21,Email,False,9,Active,2703.5099999999998,North,30.04,True,18-25,Male
248,Stephen,Best,johnsongary@bennett.org,001-306-533-1363,"158 Steven Mews, Lake Ryanmouth, DC 50571",386.12,2023-11-12,Email,False,5,Inactive,1930.6,South,64.35,False,26-35,Female
249,Sherri,Hess,amykline@gmail.com,834.893.0970x1792,"78106 John Avenue Suite 376, Bateshaven, NV 89416",389.61,2023-09-06,Phone,True,9,Inactive,3506.4900000000002,East,38.96,False,18-25,Male
250,Tiffany,Arias,omartinez@hotmail.com,098.594.4665x0542,"6534 Jennifer Isle, South Davidtown, IA 91103",919.97,2023-06-26,Phone,False,5,Inactive,4599.85,North,153.33,False,18-25,Female
251,David,Patterson,montgomeryamanda@gmail.com,390.126.3071,"Unit 7612 Box 2379, DPO AP 93493",503.51,2024-03-29,Email,True,9,Active,4531.59,East,50.35,False,26-35,Non-Binary
252,Amanda,Adams,krystal62@hotmail.com,037-061-4552,"PSC 7367, Box 4476, APO AE 27535",128.47,2024-06-02,Email,False,0,Inactive,0.0,West,0.0,False,36-50,Male
253,Adam,Johnson,deannaortiz@hotmail.com,(396)730-6765x16548,"452 Danielle Wells, New Manuelmouth, NJ 63487",655.76,2024-08-03,Phone,False,5,Inactive,3278.8,East,109.29,True,36-50,Non-Binary
254,Raymond,Butler,bradleywebster@reynolds.com,462.938.9750x11579,"811 James Squares Suite 812, Lake Johnland, NE 40279",63.38,2024-09-08,Phone,False,9,Active,570.4200000000001,North,6.34,False,51-65,Male
255,Joanne,Kelly,twhite@gmail.com,(113)773-8894,"Unit 7248 Box 2911, DPO AP 32711",595.31,2023-10-31,Email,True,7,Inactive,4167.17,South,74.41,True,51-65,Non-Binary
256,Pamela,Hernandez,greenryan@hotmail.com,+1-656-506-4960x7297,"351 Michael Harbor, East Penny, NM 61113",576.52,2023-01-17,Email,True,10,Active,5765.2,East,52.41,False,36-50,Female
257,William,Stewart,sherrichambers@gmail.com,(674)767-3223,"6549 Owen Tunnel, West Tonimouth, MA 06610",565.9,2023-06-13,Phone,True,4,Inactive,2263.6,East,113.18,False,36-50,Female
258,Emily,Francis,juarezandrew@gonzalez.com,(296)807-2440x658,"52435 Seth Extension, Vanessachester, AL 02990",884.82,2023-08-11,Phone,True,4,Active,3539.28,North,176.96,True,65+,Male
259,Kenneth,Conrad,snydertyler@yahoo.com,562.518.0076x13667,"950 Jacob Alley Apt. 388, Charlesborough, GA 12047",32.01,2024-11-02,Email,True,10,Active,320.09999999999997,East,2.91,False,18-25,Non-Binary
260,Thomas,White,smithsergio@hotmail.com,295.328.4609x202,"2009 Sullivan Alley, Lake Petermouth, VT 16770",105.08,2024-06-13,Email,True,1,Inactive,105.08,West,52.54,False,36-50,Female
261,Brandy,Francis,ulopez@cross.com,+1-987-729-8807,"11770 Scott Rest, Helenside, AZ 66243",415.17,2023-09-05,Phone,True,7,Inactive,2906.19,East,51.9,True,51-65,Non-Binary
262,Kurt,Lawrence,brendanhodges@hotmail.com,+1-333-757-6945x6853,"597 Johnston Mountain Apt. 350, New Lisa, AR 93903",290.52,2024-03-28,Phone,False,1,Inactive,290.52,North,145.26,True,36-50,Male
263,Dennis,Palmer,michael88@yahoo.com,(350)821-5515,"182 Brian Groves Suite 486, Stephanieport, ME 48827",460.8,2023-04-16,Phone,True,6,Inactive,2764.8,East,65.83,False,51-65,Male
264,Kristopher,Shaw,huynhbrian@gmail.com,(897)973-5518,"90880 Smith Plaza Apt. 833, North Lesliestad, SC 01587",164.59,2024-10-17,Phone,False,6,Active,987.54,West,23.51,False,51-65,Male
265,Jocelyn,Walton,qgarcia@yahoo.com,001-227-338-8863,"7700 Rachel Coves, Danielport, UT 99397",138.44,2024-10-16,Email,False,2,Inactive,276.88,North,46.15,True,36-50,Non-Binary
266,Katelyn,Rice,holmesmark@gmail.com,(673)152-4934,"3728 Nunez Villages Apt. 072, Coxport, UT 19540",540.51,2023-03-20,Email,False,8,Inactive,4324.08,South,60.06,False,65+,Female
267,David,Golden,banksrichard@hotmail.com,938-204-7994x4027,"82323 Derrick Cliff Suite 836, Lake Sarahville, MN 95173",188.37,2023-10-30,Email,True,7,Active,1318.5900000000001,East,23.55,True,26-35,Non-Binary
268,Crystal,Hawkins,torrestravis@hotmail.com,2035278548,"718 Mary Spur Apt. 133, Colleenshire, MA 18077",587.09,2023-03-30,Email,True,10,Active,5870.900000000001,North,53.37,True,36-50,Female
269,Matthew,Ross,victoria61@gmail.com,001-383-030-0175x79330,"PSC 8249, Box 1412, APO AP 25218",912.11,2024-07-01,Email,False,7,Inactive,6384.77,East,114.01,False,51-65,Male
270,Stephanie,Hill,nataliesmith@yahoo.com,966.747.2384x275,"245 Allison Forges, Port Wesleyport, NE 20959",772.12,2024-11-04,Phone,False,8,Active,6176.96,East,85.79,False,51-65,Non-Binary
271,Samantha,Brown,michaelcobb@macias-howard.com,(970)257-4389,"4602 Mejia Corners Apt. 071, West Pamela, WV 61990",133.06,2023-04-29,Phone,False,7,Inactive,931.4200000000001,South,16.63,True,18-25,Female
272,Eric,Armstrong,josephfreeman@hotmail.com,960.385.3705x7491,"84570 Griffin Pike, South Kathleenborough, NE 70851",814.01,2024-07-14,Phone,True,8,Active,6512.08,West,90.45,False,18-25,Female
273,Christie,Nelson,cpaul@yahoo.com,2492211439,"079 Lawrence Bypass, South Terrenceport, TX 28230",645.49,2024-10-21,Phone,True,9,Inactive,5809.41,East,64.55,False,26-35,Female
274,Nancy,Johnson,ipowers@lucas-swanson.net,(255)311-5024x969,"4047 Green Bridge, Howardchester, NV 88952",496.17,2024-03-04,Phone,False,8,Active,3969.36,East,55.13,False,36-50,Female
275,Erika,Moore,katie98@reed.com,001-715-972-3762x72339,"76833 Hampton Station, Normanhaven, CO 15363",874.64,2024-04-24,Email,False,5,Inactive,4373.2,South,145.77,True,36-50,Female
276,Kristen,Huffman,brownrebecca@johnson.org,306.208.6870x262,"74678 Mary Bridge Suite 309, New Amber, MO 63008",930.34,2023-11-04,Email,False,0,Inactive,0.0,West,0.0,True,36-50,Female
277,Paul,Stephens,parkerjavier@gmail.com,(992)597-0446x0926,"10647 Stacey Meadows Suite 795, Codyport, AZ 54039",599.32,2023-05-08,Phone,False,4,Active,2397.28,East,119.86,True,51-65,Non-Binary
278,Dennis,Flores,asilva@hotmail.com,+1-204-425-3958x427,"17477 Jennifer Ports, Ronaldchester, NC 58485",450.52,2023-09-07,Phone,True,9,Inactive,4054.68,South,45.05,False,51-65,Male
279,Kevin,Solis,collinsmichael@scott.biz,782-883-2556x1850,"47202 Samuel Loop Suite 118, Markshire, CO 75814",790.71,2023-06-13,Phone,True,7,Active,5534.97,West,98.84,False,65+,Female
280,Crystal,Alvarez,justindavid@hotmail.com,248.157.9154x02826,"1104 Beth Forges Suite 883, Justinberg, ID 83946",459.51,2023-10-06,Phone,False,10,Active,4595.1,South,41.77,True,36-50,Non-Binary
281,Jesus,Blair,kiaramaddox@norris-hernandez.com,604.746.3883x61737,"5538 Alexandra Shoals Suite 321, Lake Robert, CO 37918",369.18,2023-07-17,Email,True,8,Active,2953.44,West,41.02,False,51-65,Non-Binary
282,Matthew,Lewis,claudia94@huffman-daniels.com,901-754-1969x59200,"882 Long Coves Suite 135, Millerberg, HI 01175",996.01,2023-01-08,Email,True,1,Active,996.01,West,498.0,True,51-65,Non-Binary
283,Frank,Ramsey,jacqueline10@hall.net,(719)410-2256x17497,"29810 Jillian Trace, Christinastad, NM 96898",454.98,2024-12-13,Email,True,0,Inactive,0.0,South,0.0,True,51-65,Male
284,Jessica,Terrell,coneill@yahoo.com,001-631-060-2679x683,"95184 Miller Centers Apt. 705, Shellymouth, OH 03977",646.24,2023-07-31,Email,True,5,Active,3231.2,West,107.71,False,26-35,Female
285,Ebony,Dominguez,jacksonhenry@hotmail.com,(978)369-1216x66938,"5567 Michael Burgs Suite 339, North Melaniefort, NY 42709",151.4,2024-09-17,Phone,True,2,Active,302.8,South,50.47,True,26-35,Female
286,Stephanie,Johnson,robertsleslie@yahoo.com,+1-426-378-5848,"997 Adrienne Curve, Stephaniechester, NC 44254",194.02,2024-12-12,Phone,False,7,Active,1358.14,North,24.25,True,36-50,Non-Binary
287,Gregory,Lopez,tdaniels@yahoo.com,777.398.7185x98070,"88595 Carmen Spurs, South Barry, AR 42190",782.5,2024-10-31,Phone,True,10,Inactive,7825.0,West,71.14,False,36-50,Female
288,Rachel,Boyd,melanie64@marquez.com,081-512-7363x238,"85758 Tanya Tunnel Apt. 458, Port Nathan, WI 14100",244.57,2023-07-01,Phone,False,0,Active,0.0,West,0.0,True,51-65,Female
289,Christopher,Austin,gpatel@thompson.info,927.273.6454,"17986 Kathy Roads, Katherinefurt, ME 48071",152.4,2023-10-11,Email,False,1,Active,152.4,South,76.2,False,26-35,Male
290,Ryan,Walton,oalexander@orozco-wells.net,854-721-3894x615,"27575 Michelle Knolls Apt. 178, Crosshaven, CA 60052",453.13,2023-12-08,Email,False,0,Inactive,0.0,North,0.0,True,51-65,Non-Binary
291,Kelly,Hines,martinezangela@yahoo.com,001-457-287-1413x18625,"919 Larry Plains, Klineborough, AZ 19989",777.49,2023-05-09,Email,True,3,Active,2332.4700000000003,South,194.37,True,18-25,Male
292,Victoria,Rogers,john57@brown.biz,084-973-5368,"1805 Calvin Shoal Apt. 879, Carpentermouth, IN 84571",731.72,2024-05-03,Phone,True,10,Inactive,7317.200000000001,East,66.52,True,51-65,Male
293,Jacqueline,Banks,davidsonjudith@hotmail.com,(693)326-0249x1273,"060 James Ports Apt. 041, Lake Kimberlyshire, RI 75882",36.56,2023-10-29,Email,False,1,Inactive,36.56,West,18.28,False,18-25,Male
294,Lonnie,Chase,montgomerymarcia@gmail.com,898.786.1242x5281,"655 Anderson Shoal Apt. 952, Davidborough, FL 81538",524.89,2024-07-28,Phone,False,6,Inactive,3149.34,East,74.98,True,26-35,Female
295,Angela,Floyd,robert16@gmail.com,(518)665-3781,"77625 Shea Spring, Wrightview, FL 86216",713.57,2023-10-01,Email,False,4,Active,2854.28,West,142.71,True,36-50,Non-Binary
296,Megan,Jones,ubullock@simmons.com,813.614.2445x1307,"8133 Melissa Crossing, Lake Vanessashire, ME 73075",586.82,2023-10-27,Phone,False,7,Active,4107.740000000001,North,73.35,True,36-50,Non-Binary
297,Lauren,Smith,michael62@thomas-brennan.com,(803)034-2269,"055 Hunt Summit, West Heatherton, NV 90359",280.19,2024-01-10,Email,False,0,Inactive,0.0,South,0.0,True,26-35,Female
298,Diane,Green,patrick48@gmail.com,(078)111-7625x92396,"1703 Woods Vista Apt. 007, Josephville, GA 07908",870.21,2023-12-31,Email,False,6,Active,5221.26,East,124.32,True,18-25,Male
299,Jenna,Robinson,thoward@yahoo.com,+1-646-935-8046x736,"313 Raymond Shore, Thomaschester, FL 96544",749.41,2023-07-29,Email,False,0,Active,0.0,North,0.0,False,26-35,Female
300,Timothy,Richardson,jenniferdiaz@gmail.com,257.478.5370x19081,"591 Paul Walk, Markmouth, CT 56939",416.38,2022-12-27,Phone,True,6,Inactive,2498.2799999999997,West,59.48,False,51-65,Male
301,Joshua,Mcneil,xrivers@alvarez-giles.com,5077158867,"USNS Sampson, FPO AA 96695",746.55,2024-11-06,Email,False,1,Inactive,746.55,West,373.27,True,26-35,Female
302,Madison,Clements,rpetersen@hotmail.com,+1-880-621-3539,"078 William Fields, Patriciamouth, ND 03593",642.73,2022-12-17,Email,False,4,Inactive,2570.92,South,128.55,False,51-65,Male
303,James,Young,bridgetsnyder@harris.biz,(279)171-4530,"0928 Ward Trail Suite 095, Gibsonborough, NJ 63684",910.43,2024-06-07,Phone,False,9,Inactive,8193.869999999999,North,91.04,False,36-50,Female
304,Cassandra,Chapman,gailschultz@gmail.com,974-022-6550,"PSC 1415, Box 5648, APO AE 40173",776.64,2023-12-03,Email,True,4,Active,3106.56,South,155.33,True,26-35,Female
305,Christopher,Griffin,ericrogers@brown-coleman.net,001-445-263-8114x3539,"081 Jones Avenue, Scotttown, TX 73851",971.58,2024-05-02,Email,False,9,Inactive,8744.220000000001,West,97.16,False,36-50,Female
306,Isaac,Chavez,wilkinswillie@hobbs.com,782.800.0249x0512,"USNV Parker, FPO AP 04794",569.05,2023-12-11,Phone,False,8,Inactive,4552.4,East,63.23,False,65+,Non-Binary
307,Zachary,George,blairadam@gray-robinson.biz,001-147-280-8114x75888,"0173 James Fork, New Brandy, GA 27960",596.12,2023-03-22,Phone,False,7,Inactive,4172.84,East,74.52,False,18-25,Female
308,Sharon,Kane,keithryan@gmail.com,069-193-6606x85191,"69515 Mccarthy Harbors, Vincentshire, AL 60006",476.12,2023-10-02,Email,False,6,Inactive,2856.7200000000003,East,68.02,True,26-35,Non-Binary
309,Jeffrey,Cruz,sara59@gmail.com,001-288-714-7438x1484,"777 West Trail Suite 276, Lucasshire, RI 87569",230.34,2024-09-08,Email,False,3,Inactive,691.02,South,57.59,True,51-65,Non-Binary
310,Debra,Arnold,jason00@ramsey-little.com,001-642-987-5127x941,"464 Shea Manor, Port Robert, ID 98135",161.92,2024-05-22,Email,True,4,Inactive,647.68,West,32.38,True,26-35,Male
311,Timothy,Payne,nicole29@gmail.com,399-332-7082,"521 Carroll Burgs Suite 821, Lake Rachel, KS 13122",228.34,2024-09-17,Email,True,0,Inactive,0.0,South,0.0,False,65+,Female
312,Melissa,Gardner,matthewcross@daniel.info,(123)607-2353,"659 Shannon Centers, North Lisamouth, WV 55479",381.49,2023-04-12,Phone,True,10,Inactive,3814.9,East,34.68,False,65+,Female
313,Mary,Floyd,ravenochoa@gmail.com,420.930.2409x2099,"39372 Reed Burgs, North Elizabeth, SD 40732",260.13,2024-09-02,Phone,True,6,Inactive,1560.78,West,37.16,True,18-25,Male
314,Angela,Cobb,dlewis@yahoo.com,(269)175-0505x74256,"67191 Brown Vista, Riggsland, CT 63905",900.18,2023-10-08,Email,True,4,Active,3600.72,North,180.04,False,36-50,Non-Binary
315,Jamie,Oliver,nhill@hotmail.com,329.713.1041,"93931 Lopez Crescent, Port Kevinland, AK 60847",79.76,2024-08-13,Email,False,2,Active,159.52,East,26.59,True,18-25,Non-Binary
316,Ralph,Gray,virginia81@yahoo.com,0553720626,"0850 Bennett Mountain, Brianmouth, WY 28836",383.07,2024-11-04,Phone,True,0,Active,0.0,West,0.0,True,26-35,Non-Binary
317,Alexander,Santiago,bailey52@goodwin.org,(892)956-6071,"293 Chad Island Suite 304, New Erin, NE 80597",40.95,2024-12-10,Phone,False,2,Inactive,81.9,East,13.65,True,51-65,Non-Binary
318,Amber,Jones,umejia@hall.com,+1-922-466-2219,"645 Berry Glen Suite 262, Sarahstad, CT 28354",120.93,2024-07-23,Phone,True,8,Inactive,967.44,East,13.44,False,26-35,Non-Binary
319,Marie,Ruiz,bgonzales@gmail.com,2368505559,"8383 Moreno Neck Suite 996, Campbelltown, TN 05099",830.89,2024-05-27,Phone,True,0,Active,0.0,North,0.0,True,18-25,Female
320,Karen,Stephenson,robertdaniel@yahoo.com,500.315.4777,"PSC 9858, Box 2345, APO AP 50909",643.6,2024-10-18,Email,True,10,Active,6436.0,North,58.51,False,26-35,Female
321,James,Flores,williamsjason@hotmail.com,001-114-159-2138,"9084 Morales Brooks Suite 118, Port Mary, MA 01541",171.67,2023-01-12,Phone,False,5,Inactive,858.3499999999999,East,28.61,False,26-35,Female
322,Julie,Riddle,joywatson@fuller.com,771.320.3643x65806,"3410 Huff Shore Suite 611, Port Nicholeburgh, SC 88640",852.9,2024-10-01,Phone,True,2,Inactive,1705.8,South,284.3,True,36-50,Female
323,Michael,Jones,freemanchristopher@brown.com,(331)253-4699,"PSC 0909, Box 0070, APO AE 39707",48.36,2023-03-06,Phone,False,2,Inactive,96.72,East,16.12,True,18-25,Male
324,William,Glass,tammy75@castillo.biz,437.747.7034x7404,"32969 Anthony Cliffs Apt. 797, Josephside, RI 98112",783.7,2023-04-21,Phone,True,5,Inactive,3918.5,East,130.62,True,65+,Female
325,Anne,Travis,michael07@yahoo.com,996-290-1587,"4197 Lisa Center Suite 507, East Ryanshire, NE 75099",657.8,2023-01-12,Phone,False,1,Active,657.8,North,328.9,True,18-25,Non-Binary
326,Melissa,Beck,kristinegarcia@hunt.com,+1-036-767-2177x899,"Unit 7210 Box 6023, DPO AA 57435",497.57,2024-07-28,Phone,False,8,Inactive,3980.56,South,55.29,False,26-35,Non-Binary
327,Jessica,Schultz,rebeccacunningham@khan-johnson.com,(032)035-9780x291,"115 Megan Squares Apt. 449, North Matthew, NE 40467",623.66,2023-07-05,Phone,False,4,Inactive,2494.64,South,124.73,True,51-65,Female
328,Anna,Pierce,albertscott@gmail.com,+1-021-774-5090x902,"USCGC Castaneda, FPO AE 93285",426.76,2024-03-23,Email,True,0,Inactive,0.0,West,0.0,True,26-35,Non-Binary
329,Tina,Ross,amandaallen@sullivan.com,+1-870-069-0952,"936 Charles Pass, North Nicholas, NJ 42183",327.26,2024-01-28,Phone,False,7,Active,2290.8199999999997,East,40.91,False,36-50,Non-Binary
330,Yolanda,Harrington,jonesbernard@martin.org,082-725-5907x416,"390 Courtney Street, Lake Benjamin, SD 13060",175.51,2024-07-05,Phone,False,6,Inactive,1053.06,East,25.07,True,26-35,Non-Binary
331,Rose,Molina,rebecca08@hotmail.com,021-943-2561x86058,"07120 Matthew Key, East Aliciachester, MS 93971",129.65,2023-11-25,Email,True,2,Active,259.3,South,43.22,True,65+,Male
332,Jeffrey,Wright,shannongraham@hotmail.com,001-301-376-6881x3384,"884 Baker Brooks, Joshuafurt, MN 33063",556.18,2023-05-24,Phone,False,5,Active,2780.8999999999996,North,92.7,False,51-65,Non-Binary
333,Derek,Peterson,xbrown@hotmail.com,053.566.9544,"31386 Brian Point, Dianefort, NJ 14115",657.87,2023-01-18,Phone,False,0,Active,0.0,East,0.0,False,65+,Female
334,Jared,Mcguire,qwang@trujillo.com,+1-087-121-1452x0573,"23594 Robinson Mills, Kennethchester, NV 23890",292.54,2023-06-30,Phone,False,6,Inactive,1755.2400000000002,North,41.79,True,36-50,Female
335,Shannon,Smith,nnash@yahoo.com,451-462-9785x443,"79509 Oscar Crossroad Suite 874, Lake Jamesborough, NY 82758",674.03,2023-11-15,Email,True,3,Active,2022.09,South,168.51,False,51-65,Female
336,Jason,Watts,cynthiahenry@jones.com,(534)352-7854x330,"16555 Danielle Trail Suite 544, South Christina, DC 99645",803.51,2023-07-30,Email,False,10,Inactive,8035.1,North,73.05,False,51-65,Female
337,Bobby,Hinton,robertroman@hotmail.com,329.155.0303x08110,"09758 Jenkins Shoal, Stevensland, FL 59650",257.88,2023-12-22,Phone,True,6,Inactive,1547.28,West,36.84,True,65+,Non-Binary
338,Michael,Simmons,nmorris@diaz-wallace.com,747.464.3761x37255,"3552 Christina Bypass Suite 492, Amandastad, WY 13802",104.87,2024-09-03,Phone,False,4,Inactive,419.48,North,20.97,False,51-65,Female
339,Jamie,Castillo,david21@mitchell.com,292-184-2801x21309,"6579 Hannah Circle, North Louis, NH 82247",593.26,2024-11-16,Phone,True,4,Active,2373.04,East,118.65,True,65+,Male
340,Angela,Alvarez,david35@hotmail.com,628-014-8537x74485,"904 Burton Pine Suite 108, Ortizland, NJ 51519",597.92,2023-02-06,Phone,True,1,Active,597.92,North,298.96,True,26-35,Female
341,Darren,Montgomery,simpsonnancy@wagner.net,+1-542-924-7834x79479,"54210 Fernandez Lane, Port Kimberly, CO 67921",314.11,2023-10-19,Email,True,6,Active,1884.66,South,44.87,True,18-25,Female
342,Rodney,Simmons,cynthia43@yahoo.com,(002)970-9146,"4598 Hatfield Throughway, South Theresaview, PA 36006",21.9,2023-10-10,Email,True,6,Active,131.39999999999998,West,3.13,False,65+,Non-Binary
343,Derek,Mills,bwelch@yahoo.com,909.923.3633x021,"6672 Johnson Hill, East Kristy, MS 83070",622.64,2023-02-08,Email,True,7,Active,4358.48,North,77.83,False,26-35,Male
344,Monica,Santiago,hcontreras@reynolds.com,289.596.1582x495,"68570 Timothy Road Suite 473, South Antonio, OH 01218",211.72,2023-01-22,Phone,False,10,Active,2117.2,West,19.25,True,51-65,Female
345,Deanna,Miller,david59@chapman.com,(630)974-0219,"4050 Shawn Via, Andrewsshire, KS 87930",698.74,2024-01-22,Phone,True,10,Inactive,6987.4,North,63.52,True,51-65,Non-Binary
346,Karen,Vaughn,greentiffany@townsend.com,(386)289-5916x6372,"35941 Cynthia Meadow, Port Hollyshire, UT 04336",594.91,2024-06-01,Email,True,8,Active,4759.28,West,66.1,True,26-35,Female
347,Patrick,Anderson,isaacbaker@hotmail.com,004.936.9454,"4478 Peterson Common Apt. 717, North David, NJ 68956",597.23,2024-08-03,Phone,False,0,Inactive,0.0,North,0.0,True,36-50,Non-Binary
348,Kevin,Shaw,douglas77@clark.com,847.721.6373x9830,"94805 Jason Village, Dunnhaven, OK 00889",338.73,2024-11-30,Email,True,1,Active,338.73,West,169.37,False,18-25,Non-Binary
349,Sarah,Juarez,robertlyons@johnson.com,001-368-392-4455x07145,"38184 Dorsey Ways Apt. 083, New Hectorchester, KY 48269",405.72,2024-03-31,Email,False,6,Active,2434.32,North,57.96,True,18-25,Non-Binary
350,Derek,Espinoza,clarkmelissa@hotmail.com,768.519.0755,"946 Castillo Fort, Barryside, CA 22403",199.31,2024-12-09,Email,False,2,Active,398.62,West,66.44,True,18-25,Female
351,Peter,Delgado,amyhall@hotmail.com,936-337-0326,"41397 Weaver Rue Suite 205, North Jacqueline, NH 91412",468.75,2024-01-15,Email,False,7,Active,3281.25,West,58.59,True,65+,Non-Binary
352,Patricia,Wood,jprice@morse-gross.com,1225394034,"78951 Ward Passage Apt. 210, Walkerchester, IN 18387",125.42,2024-10-07,Phone,True,3,Inactive,376.26,West,31.36,False,65+,Non-Binary
353,Richard,Campbell,sperez@ramsey.com,(468)472-5640x990,"0150 Cynthia Lodge, South Paulborough, ND 69688",108.24,2024-05-13,Phone,False,4,Active,432.96,South,21.65,False,65+,Non-Binary
354,Jason,Roberts,zharvey@fox-campos.com,046.313.1091,"3463 Stephanie Camp Apt. 476, Robbinshaven, MS 73888",453.91,2024-03-28,Email,True,0,Active,0.0,South,0.0,True,51-65,Non-Binary
355,Craig,Pena,heathervasquez@gmail.com,(256)256-4885x38645,"14533 Marie Mission, Whitakerview, WI 50176",670.31,2023-08-23,Email,False,0,Inactive,0.0,West,0.0,True,65+,Male
356,Shane,Gillespie,amyjohnson@petty.com,(564)401-9142x7150,"8111 Christina Stravenue, West Gloria, TN 35613",599.78,2024-02-06,Phone,False,2,Active,1199.56,North,199.93,True,51-65,Male
357,Thomas,Reese,evansamber@hotmail.com,+1-873-344-6061x930,"263 Wright Centers Suite 905, South Amberville, NE 65205",789.85,2023-11-09,Phone,True,6,Inactive,4739.1,North,112.84,True,65+,Female
358,Thomas,Kelly,hannah92@hotmail.com,+1-266-492-3527x37028,"1184 Mckee Forge Apt. 227, Lake Sonia, SC 34026",598.41,2023-08-19,Phone,False,2,Active,1196.82,North,199.47,False,51-65,Non-Binary
359,Robin,Mcgrath,amysteele@gmail.com,095.531.3917x8005,"728 Edward Locks Apt. 950, Lake Samantha, SD 34963",566.57,2024-05-10,Email,False,8,Inactive,4532.56,North,62.95,False,65+,Male
360,Barbara,Alvarado,thompsonmichael@yahoo.com,5230359249,"19054 Katherine Mills Apt. 317, Kristyland, KS 94727",576.9,2023-11-21,Email,False,7,Active,4038.2999999999997,East,72.11,True,18-25,Male
361,Christopher,Baker,gregory92@moore.com,001-859-348-1727x4337,"92893 Jeffrey Terrace, Katherinefort, TN 23065",570.58,2023-08-11,Phone,True,1,Inactive,570.58,South,285.29,True,18-25,Male
362,Andrew,Wong,russelljuan@ewing.biz,+1-550-836-7607x84405,"06156 Collins Hill Apt. 883, Youngburgh, ME 27403",320.06,2024-12-01,Phone,True,10,Inactive,3200.6,East,29.1,True,51-65,Male
363,Thomas,Sherman,marygarza@lewis.biz,709.484.5934,"PSC 9367, Box 5927, APO AA 02257",720.91,2023-12-09,Phone,True,7,Active,5046.37,South,90.11,True,65+,Female
364,Robert,Simon,wardjeffery@yahoo.com,1881919508,"86730 Katelyn Mission Apt. 002, Port Aaron, HI 45391",44.72,2023-08-26,Email,True,2,Inactive,89.44,East,14.91,True,26-35,Male
365,Donna,Adams,gutierrezstephen@howe-green.com,081-633-1498,"562 Shepherd Ridge Apt. 002, South Kimberly, OR 78856",964.34,2023-11-19,Phone,True,2,Inactive,1928.68,East,321.45,True,51-65,Female
366,William,Campbell,palmerelizabeth@gmail.com,473-697-6102,"Unit 1898 Box 9788, DPO AP 43714",60.01,2023-10-29,Email,True,5,Inactive,300.05,West,10.0,True,36-50,Male
367,Shannon,Arnold,qhuynh@hotmail.com,+1-193-962-7716x57041,"PSC 6850, Box 8625, APO AP 47666",79.47,2024-02-24,Phone,False,9,Active,715.23,East,7.95,True,18-25,Non-Binary
368,Megan,Lewis,ericscott@hotmail.com,(125)017-0552x0133,"32151 David Islands Suite 367, West Josefurt, AL 28781",851.57,2023-06-01,Phone,False,2,Inactive,1703.14,South,283.86,True,51-65,Female
369,Clarence,Bruce,ufuentes@hotmail.com,412.946.6244,"Unit 7457 Box 2631, DPO AA 56798",827.76,2024-06-10,Email,True,3,Active,2483.2799999999997,South,206.94,False,36-50,Non-Binary
370,Ronnie,Holloway,nathanrobinson@mcmillan.org,+1-497-244-0610x511,"55248 David Neck Suite 392, Phillipsshire, NJ 23706",579.94,2023-12-24,Email,True,4,Inactive,2319.76,West,115.99,False,65+,Male
371,Robin,Ramirez,mrobinson@hotmail.com,590.392.1740,"6442 Dennis Drive Suite 372, Norriston, AL 85125",638.49,2024-10-27,Phone,True,0,Active,0.0,North,0.0,False,36-50,Non-Binary
372,Timothy,Smith,matthewpeck@yahoo.com,402.933.6059x6829,"06457 Howard Well Apt. 883, South Ronaldfort, WY 01730",123.93,2024-06-09,Email,True,2,Inactive,247.86,East,41.31,True,65+,Non-Binary
373,Amber,Torres,taylorstephanie@wood.com,(830)560-8670x27687,"USNS Anderson, FPO AP 85564",229.14,2023-05-08,Email,False,1,Active,229.14,South,114.57,False,65+,Non-Binary
374,Donna,Hunt,nstephenson@gmail.com,704.244.4077x1042,"586 Jasmine Loop, Christopherton, KY 02219",490.91,2023-09-16,Email,True,10,Active,4909.1,East,44.63,False,65+,Non-Binary
375,Mark,Evans,davidwilson@yahoo.com,(023)051-4336x36923,"PSC 9210, Box 2936, APO AA 89752",872.02,2023-11-04,Email,False,5,Active,4360.1,North,145.34,False,26-35,Male
376,Aaron,Jackson,jesse19@stephens-davis.com,294.933.9479x7016,"003 Kayla Meadows, Kramertown, AR 46219",24.48,2022-12-20,Phone,False,4,Active,97.92,East,4.9,False,65+,Male
377,Todd,Gonzales,tranjennifer@pierce.info,307-491-2090x6507,"10351 Pierce Trafficway Suite 167, Lake James, AR 15606",223.71,2024-04-22,Email,False,2,Active,447.42,West,74.57,True,51-65,Non-Binary
378,Andrew,Owens,boconnor@blankenship-ballard.biz,001-618-138-1284x8852,"88299 Anna Mall, West Douglasmouth, MS 50070",388.73,2024-06-11,Email,False,4,Inactive,1554.92,West,77.75,False,65+,Non-Binary
379,Dawn,Castro,hortega@jones.org,332-536-9746,"PSC 1109, Box 9025, APO AA 95671",396.63,2022-12-26,Email,False,0,Inactive,0.0,South,0.0,True,51-65,Male
380,Jill,Banks,ypeterson@gmail.com,899-639-3560x0092,"666 Heidi Square Apt. 245, Barbarafurt, VT 14968",311.77,2024-11-01,Phone,False,5,Active,1558.85,South,51.96,False,36-50,Male
381,James,Holmes,edwardsdaniel@garcia.com,145-998-7313x8243,"1210 David Tunnel Apt. 954, Millerstad, MO 44047",128.6,2024-05-01,Phone,True,0,Active,0.0,West,0.0,False,36-50,Male
382,Alexa,Bowman,ohall@hotmail.com,+1-687-837-5558,"2533 Yoder Center, Terrychester, WY 81816",947.76,2024-02-27,Phone,True,5,Inactive,4738.8,North,157.96,True,26-35,Male
383,Joseph,Holt,kimberlywood@henderson.org,001-939-602-9997,"133 Barbara Fork Suite 196, New Christopher, DC 94926",222.34,2023-02-18,Phone,False,1,Inactive,222.34,West,111.17,False,26-35,Female
384,Kaitlin,Whitaker,johnjones@williams.com,+1-280-195-7145,"7615 Hunter Spurs Suite 229, South Barbara, UT 08457",603.53,2024-02-28,Email,False,8,Inactive,4828.24,North,67.06,False,26-35,Male
385,Lisa,Mcbride,kylebarton@gmail.com,827.637.8861x152,"5887 Cochran Mission Apt. 758, New Gabrielton, FL 28418",973.64,2024-03-15,Phone,False,1,Inactive,973.64,South,486.82,False,51-65,Non-Binary
386,Barbara,Love,john91@jones-solomon.com,(449)500-1913,"41871 Hardin Pike, Whitefurt, NY 90988",382.81,2023-09-09,Phone,False,5,Inactive,1914.05,North,63.8,True,36-50,Male
387,Wendy,Stein,mitchellalexander@frazier.com,568-266-4847,"089 Thomas Flats, East Mistybury, MI 15247",611.55,2024-05-06,Email,True,2,Active,1223.1,East,203.85,False,51-65,Male
388,Morgan,Massey,kathywalker@gmail.com,3393853302,"8438 Donna Fork Apt. 837, Nielsenton, OR 95027",300.43,2023-07-04,Phone,True,9,Active,2703.87,East,30.04,True,51-65,Non-Binary
389,David,Rivera,richardunderwood@morris-jones.org,(659)646-4806,"04325 Jessica Extension, West Josephmouth, NC 30666",695.55,2024-12-13,Email,True,6,Active,4173.299999999999,North,99.36,False,26-35,Female
390,Kathleen,Daniels,christopher77@gibson-benton.com,483.599.1236,"03909 Jason Green, Milesfort, CA 64606",549.44,2024-04-24,Email,False,0,Inactive,0.0,North,0.0,True,36-50,Female
391,Neil,Perez,michael13@yahoo.com,2307394106,"88266 Cheyenne Track Suite 121, Amyhaven, ME 36220",459.68,2024-03-27,Phone,True,9,Active,4137.12,North,45.97,True,65+,Non-Binary
392,Danielle,Garcia,brianhaas@gmail.com,068-162-3693,"095 Weaver Flat Suite 769, Ericfurt, IN 52518",95.2,2023-08-26,Phone,True,0,Active,0.0,East,0.0,False,65+,Female
393,Amanda,Hogan,ewingjonathan@davis.biz,(820)927-0295x67019,"19730 Padilla Circles, Barnesside, WA 35757",111.29,2024-06-28,Email,True,0,Active,0.0,South,0.0,True,51-65,Male
394,Anthony,Aguirre,williamsgeorge@blake.com,4506621382,"60171 Fischer Place Suite 915, South Patriciachester, KS 33043",973.43,2023-03-31,Phone,False,7,Active,6814.009999999999,East,121.68,True,36-50,Male
395,Charles,Richardson,andersonsteven@nicholson-allen.org,139-687-0975,"595 Gardner Rapids, Howardville, WI 79562",529.81,2024-05-20,Email,False,7,Inactive,3708.6699999999996,East,66.23,False,36-50,Non-Binary
396,Chelsea,Haas,conwaycourtney@hotmail.com,001-380-871-3323x142,"5942 French Trail, Denniston, DC 76320",585.91,2023-05-05,Phone,True,8,Active,4687.28,North,65.1,True,51-65,Male
397,Leslie,Hamilton,glee@hotmail.com,001-074-140-6396,"462 Singh Overpass Apt. 779, East Danielborough, NJ 70795",159.3,2024-06-22,Phone,False,6,Active,955.8000000000001,East,22.76,False,18-25,Male
398,Brandon,Perez,nataliepatterson@hayes.com,637-902-0694,"88407 Ryan Harbors, Rogersbury, DC 61937",464.23,2023-08-30,Email,False,7,Inactive,3249.61,East,58.03,False,18-25,Non-Binary
399,Gilbert,Chase,jacksonjustin@nunez.com,878-159-1376x74221,"932 Patrick Cape, West Phillip, AZ 47464",926.09,2024-08-04,Email,False,2,Active,1852.18,East,308.7,False,51-65,Non-Binary
400,Rebecca,Harper,leerhonda@holmes.info,(895)760-4974,"0651 Moore Radial Apt. 867, Marshmouth, DC 04946",863.59,2024-01-16,Email,False,5,Active,4317.95,South,143.93,False,26-35,Non-Binary
401,Brittany,Espinoza,schwartzbonnie@yahoo.com,001.572.3556x88386,"9749 Janet Forges, Rebeccatown, IA 28623",217.95,2023-05-11,Email,False,6,Inactive,1307.6999999999998,West,31.14,True,18-25,Male
402,Jordan,Garcia,michael79@hotmail.com,001-495-680-5480x26969,"8782 Daniel Summit Apt. 624, Port Jessica, SD 57856",421.66,2023-01-18,Email,False,5,Inactive,2108.3,West,70.28,False,26-35,Non-Binary
403,Anita,Durham,ramosmatthew@yahoo.com,(713)268-3177x189,"1116 Ross Knoll, Edwardsside, MO 91623",218.19,2023-04-28,Phone,True,10,Inactive,2181.9,East,19.84,True,18-25,Female
404,Billy,Foley,fsimmons@yahoo.com,639-615-4775,"67166 Tina Neck Apt. 107, Victorview, DC 68671",496.28,2024-04-01,Email,True,5,Inactive,2481.3999999999996,East,82.71,True,18-25,Male
405,Susan,Hernandez,youngjohn@kirby.org,001-543-150-0327x05343,"853 Wright Villages, Lake Christine, DE 01495",591.99,2023-01-29,Phone,True,0,Active,0.0,East,0.0,True,18-25,Female
406,Kristina,Mitchell,mark09@hotmail.com,001-640-328-0572,"05310 Haley Tunnel Apt. 600, Bentonton, GA 05249",611.06,2024-10-27,Phone,True,4,Inactive,2444.24,South,122.21,True,26-35,Female
407,Kevin,Garcia,christinahodge@torres-chang.com,139.845.9551,"952 Roberto Stravenue, Schneidermouth, VA 78908",794.02,2023-11-09,Phone,True,7,Inactive,5558.139999999999,South,99.25,True,18-25,Female
408,Denise,Petty,salazargabriel@hotmail.com,033-373-0092x50659,"6577 Moore Vista Apt. 517, Longport, ME 39539",198.9,2024-12-11,Phone,False,9,Active,1790.1000000000001,North,19.89,True,65+,Female
409,Riley,Murphy,alicia22@briggs.com,750-892-6080x113,"796 Cabrera Drives, West Martha, NM 69458",743.72,2023-04-20,Phone,True,1,Active,743.72,North,371.86,False,26-35,Female
410,Melissa,Dean,brendahughes@bishop.org,(865)356-4067,"0845 Robert Spur, West Benjaminstad, IN 95001",971.1,2023-09-29,Phone,True,3,Active,2913.3,East,242.78,False,26-35,Female
411,Robin,Kim,halljasmine@spence.com,130.061.9063x43910,"968 Angela Prairie, Burnstown, NH 92578",53.69,2023-04-24,Phone,False,5,Active,268.45,North,8.95,True,26-35,Male
412,Jennifer,Martinez,alexanderwhitney@yahoo.com,011-394-5943x015,"87593 Christopher Heights, East Darlene, CA 94709",531.55,2023-10-27,Phone,False,1,Inactive,531.55,West,265.77,False,51-65,Non-Binary
413,Charles,Brown,jasonjohnston@bell-alexander.com,+1-727-980-0521x5035,"8348 Sheila View Suite 802, Lake Andrewborough, SD 67408",697.32,2023-05-24,Phone,False,4,Active,2789.28,West,139.46,True,26-35,Female
414,Nicholas,Smith,cjacobson@houston-smith.com,128-118-6725x852,"50421 Rachel Gateway Apt. 211, East Crystal, AZ 35469",359.47,2023-11-14,Email,False,1,Inactive,359.47,West,179.74,True,51-65,Male
415,John,Harper,brian78@sanchez.net,367-469-4511,"USS Smith, FPO AP 65729",360.28,2024-06-25,Phone,True,9,Inactive,3242.5199999999995,East,36.03,False,36-50,Male
416,Shannon,Bush,colekimberly@bailey.com,+1-192-805-2412,"232 Jacqueline Hills, South Lindsay, IA 26530",596.74,2023-02-06,Phone,False,7,Active,4177.18,West,74.59,True,26-35,Non-Binary
417,Brenda,Carroll,nbennett@avery.com,+1-765-482-3109x613,"6569 Lewis Mall, Lake Brian, KY 40807",195.8,2022-12-22,Email,False,6,Active,1174.8000000000002,North,27.97,True,51-65,Female
418,Sara,Ingram,ilawson@cardenas.com,811.680.1880x323,"70609 Watkins Ports, Jamesside, IL 95644",954.88,2024-11-12,Phone,False,1,Inactive,954.88,South,477.44,False,18-25,Non-Binary
419,Thomas,Jackson,fspencer@hotmail.com,(828)584-5376,"0058 Riley Harbors Suite 437, South Whitney, AL 52140",625.68,2023-05-18,Email,True,6,Active,3754.08,North,89.38,True,36-50,Non-Binary
420,John,Johnson,tracypatterson@hotmail.com,103.030.8845x0504,"132 Garza Isle, Sanchezport, TX 06236",199.6,2024-03-28,Email,False,9,Active,1796.3999999999999,North,19.96,False,26-35,Female
421,Roberto,Thompson,christopher10@martin-rivera.info,671-866-6811,"799 Johnny Trail, West Kaylaberg, MD 61756",138.47,2023-10-08,Phone,True,8,Active,1107.76,West,15.39,False,65+,Male
422,Joseph,Bailey,fergusonmichael@yahoo.com,+1-484-159-3575x9453,"16125 Harper Curve Suite 649, Glassview, MA 52338",108.68,2023-10-17,Email,True,6,Inactive,652.08,North,15.53,True,51-65,Male
423,Christine,Zhang,rose98@stewart.net,933.313.9491,"017 Stark Walks, West Thomaston, AZ 86928",124.83,2023-02-23,Email,True,2,Inactive,249.66,South,41.61,True,36-50,Non-Binary
424,William,Johnson,lhenry@riley.com,001-984-973-7407x713,"Unit 1566 Box 7930, DPO AE 08582",713.49,2024-10-16,Phone,False,6,Inactive,4280.9400000000005,East,101.93,False,36-50,Male
425,Antonio,Walls,paulcarrillo@marquez-smith.biz,+1-118-035-3204x912,"32915 Michael Bridge, Phillipsburgh, ME 54772",511.29,2023-11-02,Phone,False,10,Inactive,5112.900000000001,North,46.48,True,51-65,Female
426,Justin,Nolan,zshort@simmons-davis.org,(310)725-2288x9703,"73818 Robbins Squares, Port Amanda, VA 97993",157.73,2023-04-29,Phone,False,10,Active,1577.3,North,14.34,True,36-50,Non-Binary
427,Lauren,Torres,tiffany16@hotmail.com,234-825-9118x9003,"305 Graves Mills, Smithstad, NH 01854",157.59,2024-07-17,Phone,False,2,Inactive,315.18,North,52.53,True,65+,Female
428,Donald,Gonzales,gavinyoder@hotmail.com,001-891-155-5311x9806,"7129 Turner Burg Apt. 575, Lake Matthewfort, CT 26996",36.07,2023-12-01,Phone,True,10,Inactive,360.7,East,3.28,True,36-50,Female
429,Steven,Kennedy,howeamber@nguyen.net,+1-856-378-6836x0484,"975 Jennifer Lock, South Kyle, NY 23044",179.53,2023-06-03,Email,True,10,Active,1795.3,South,16.32,True,18-25,Female
430,James,Archer,brian00@bailey.com,+1-511-102-8342,"54054 Martinez Cape Suite 192, South Morgan, NH 67709",199.76,2023-07-14,Phone,True,10,Inactive,1997.6,North,18.16,True,36-50,Male
431,Katie,Reed,millertaylor@gmail.com,+1-367-881-8156x8799,"1328 Moon Springs, Angelatown, MI 05484",281.42,2024-10-02,Phone,False,3,Inactive,844.26,West,70.36,False,65+,Non-Binary
432,Norman,Johnson,lisapowell@baker-walters.info,001-380-642-0306x02874,"95508 Kevin Locks, South Andres, MT 09648",158.9,2023-10-13,Email,True,9,Inactive,1430.1000000000001,West,15.89,True,18-25,Female
433,Rodney,Garcia,wongkristina@yahoo.com,001-796-900-6498,"28070 Steven Hollow Suite 726, Brianshire, WY 05601",667.14,2024-10-23,Phone,True,2,Active,1334.28,West,222.38,True,65+,Male
434,Donna,Gonzales,thompsonsabrina@hughes-burns.biz,(845)572-4554,"Unit 6772 Box 0450, DPO AA 91980",429.69,2023-04-20,Email,False,8,Inactive,3437.52,North,47.74,True,26-35,Non-Binary
435,Ronnie,Zavala,wallsnorman@yahoo.com,960-408-0352x675,"103 Lyons Forges, Port Thomas, HI 62028",212.04,2023-06-16,Email,True,5,Active,1060.2,North,35.34,False,51-65,Non-Binary
436,Dale,Moran,omarks@gmail.com,(962)855-8392,"560 Angela Falls, East Latashamouth, MA 65521",960.77,2023-06-20,Email,True,7,Inactive,6725.389999999999,South,120.1,False,36-50,Male
437,Morgan,Houston,rachel70@nelson-harris.com,488.045.4575x8754,"23414 Michael Curve, South Dawnstad, MI 24685",761.32,2024-02-12,Email,False,9,Inactive,6851.88,East,76.13,True,18-25,Female
438,Danny,Knight,tferguson@hotmail.com,365.905.3046,"476 John Plaza, Martinberg, OR 14859",139.0,2024-01-17,Phone,False,2,Active,278.0,South,46.33,False,65+,Female
439,Patrick,Allen,timothy70@hotmail.com,001-798-859-5726x8390,"229 James Corners Apt. 721, Mcconnellchester, NJ 15738",499.85,2024-06-11,Email,True,7,Active,3498.9500000000003,West,62.48,False,26-35,Non-Binary
440,Walter,Shaffer,david19@kerr-taylor.com,(464)579-8973,"970 Mayo Skyway Suite 379, Sallyville, LA 10551",306.76,2023-06-25,Phone,False,7,Inactive,2147.3199999999997,West,38.34,True,18-25,Non-Binary
441,Lisa,Wang,howellsusan@tyler.com,(273)060-9989x78583,"243 Sims Ridges, North Taylor, CT 90444",349.92,2023-12-24,Phone,True,1,Inactive,349.92,East,174.96,False,36-50,Male
442,Nicole,Harrison,robertsonrobert@yahoo.com,(746)166-5877x01452,"3132 Christine Brook, South Christina, NY 89074",196.36,2023-08-28,Phone,False,10,Active,1963.6000000000001,East,17.85,True,18-25,Male
443,Jason,Le,craig20@lawrence.org,001-521-973-0942x5742,"53030 Wade Rest, Bishopfurt, MI 10910",985.24,2024-01-26,Phone,False,7,Active,6896.68,East,123.16,True,18-25,Male
444,Michael,Little,mdunlap@yahoo.com,069-216-4432x819,"38835 Tricia Pike, South William, CT 48258",587.91,2024-11-13,Email,False,4,Inactive,2351.64,North,117.58,True,36-50,Non-Binary
445,Donna,Williams,avilachristopher@yahoo.com,(411)152-6459,"11447 Marcus Key, Anthonyville, WA 23966",850.78,2023-03-20,Email,False,3,Active,2552.34,North,212.69,True,51-65,Male
446,Andrew,Munoz,zvazquez@jackson.com,734.621.8124x8123,"76372 Daniels Branch, Alvarezchester, MT 92084",743.82,2023-03-24,Phone,False,3,Active,2231.46,North,185.96,True,26-35,Non-Binary
447,Kathleen,Jackson,jonathan34@arnold.org,(086)841-9123,"325 Roberts Dam, East Sara, SC 73320",732.38,2023-04-09,Email,False,9,Active,6591.42,West,73.24,False,65+,Male
448,Christina,Navarro,robertmitchell@allen-esparza.net,355-998-1898x6207,"100 Michael Unions Apt. 230, Port Michelle, NE 44056",219.15,2023-12-31,Email,True,2,Active,438.3,North,73.05,True,65+,Male
449,Cameron,Carpenter,joycekidd@chen.com,975-995-3597,"37690 Elizabeth Wall Apt. 760, Victoriamouth, PA 96572",363.21,2024-03-21,Phone,True,2,Active,726.42,West,121.07,True,65+,Female
450,Kristen,Thomas,lisadavis@lee-reyes.com,+1-574-190-3125x627,"02190 Smith Common Suite 934, East Rachel, UT 68817",900.38,2023-04-24,Phone,True,6,Inactive,5402.28,East,128.63,True,18-25,Non-Binary
451,Colleen,Morgan,melissaroach@gmail.com,+1-863-922-4629x66250,"109 Juan Grove, Donaldhaven, NE 72625",484.8,2023-05-24,Email,False,0,Active,0.0,South,0.0,False,36-50,Male
452,Timothy,Murphy,paul31@foster.info,476.168.0685,"881 Joshua Turnpike, Morenoton, MT 61684",197.04,2024-05-26,Phone,True,6,Active,1182.24,East,28.15,True,51-65,Non-Binary
453,Henry,Shaffer,martinezstephen@green-ward.biz,247-450-7605x32850,"5237 Robin Plain Apt. 913, Karenborough, NE 13807",849.8,2023-05-16,Phone,False,6,Active,5098.799999999999,North,121.4,True,26-35,Non-Binary
454,Jeremy,Haley,melaniedavis@hotmail.com,001-022-625-3007,"2141 Amy Island, Richardfort, NE 01459",298.77,2024-11-06,Phone,True,5,Inactive,1493.85,South,49.79,True,36-50,Female
455,Nathan,Lewis,gfox@hotmail.com,001-374-279-7953,"534 Foley Vista, Port Robertchester, WI 06236",275.71,2024-06-18,Email,True,5,Active,1378.55,West,45.95,False,18-25,Female
456,Victor,Rogers,hcrawford@gomez.com,001-492-821-6840x3336,"572 Finley Island, East Lindseyside, LA 14748",162.48,2023-02-07,Email,True,8,Inactive,1299.84,East,18.05,True,26-35,Male
457,Brandi,Manning,mayerstephen@rowe-lara.com,258.104.8092x5930,"2045 Clark Port, Holtport, WV 15136",638.33,2023-07-22,Phone,False,0,Inactive,0.0,North,0.0,True,51-65,Female
458,Chad,Moore,mikeschmidt@mooney.com,(057)071-7932x32508,"716 Morse Mission, New Kyle, NC 86169",894.23,2023-09-08,Email,True,7,Inactive,6259.610000000001,North,111.78,True,51-65,Female
459,Hayley,Marshall,karacastro@hotmail.com,(509)973-0645x50620,"6569 Price Run, West Kimmouth, AL 30736",217.79,2024-03-14,Email,False,9,Active,1960.11,West,21.78,False,18-25,Non-Binary
460,Lisa,Robinson,sandrahernandez@yahoo.com,+1-427-103-9180x508,"902 Rollins Prairie, Smithburgh, DC 33583",62.58,2023-07-29,Email,True,3,Inactive,187.74,East,15.64,True,36-50,Male
461,Kelli,Moore,nlewis@gmail.com,001-680-420-0445x234,"0409 Ramirez Point Apt. 804, Morganburgh, MS 66313",902.2,2023-09-24,Phone,True,0,Active,0.0,West,0.0,True,18-25,Non-Binary
462,Stephanie,Anderson,alexander58@hotmail.com,853.214.6759x4695,"PSC 9107, Box 8892, APO AE 52401",133.93,2024-06-11,Email,True,6,Inactive,803.58,West,19.13,False,18-25,Female
463,Rhonda,Anderson,qhuynh@gmail.com,001-936-327-2574x58982,"416 Ryan Extension, Lake Julie, UT 10208",741.61,2023-03-09,Email,False,10,Active,7416.1,East,67.42,False,18-25,Non-Binary
464,Charles,Nguyen,sharonsawyer@gmail.com,497-098-8908x14035,"75243 Sara Divide Apt. 055, Montgomeryshire, HI 81483",780.9,2024-05-10,Phone,False,0,Active,0.0,West,0.0,False,18-25,Female
465,Travis,Howe,morrisonpaige@harris.com,159.032.9654,"5342 Shaw Field Apt. 851, Abigailtown, MS 55785",64.41,2023-09-20,Email,True,0,Inactive,0.0,South,0.0,False,26-35,Female
466,Stacy,Brown,francomichelle@jones.info,(728)951-0789x05944,"PSC 9693, Box 1748, APO AE 32275",467.97,2023-12-17,Phone,False,7,Inactive,3275.79,West,58.5,False,51-65,Female
467,Virginia,Montoya,robertboyle@yahoo.com,503.592.3930x929,"3800 Nicholson Ridge, Port Amanda, KS 06667",60.9,2024-03-14,Phone,True,3,Inactive,182.7,East,15.22,False,26-35,Non-Binary
468,Allison,Miller,tgray@yahoo.com,080-529-1502,"734 Jonathan Falls, Adamstown, NC 00912",841.81,2024-09-02,Phone,False,10,Inactive,8418.099999999999,North,76.53,True,18-25,Female
469,Lisa,Williams,operkins@hotmail.com,453-692-8702,"86444 Heather River Apt. 612, South Brian, CT 77358",383.12,2023-06-08,Phone,False,10,Inactive,3831.2,East,34.83,True,65+,Non-Binary
470,Kelly,Jackson,gholmes@lopez-burke.biz,(028)725-5480x1685,"9620 Morgan Inlet Suite 680, South Davidton, CA 41161",466.7,2023-05-02,Phone,False,0,Active,0.0,South,0.0,False,18-25,Female
471,Carol,Gilmore,qmason@gmail.com,346.152.0368x080,"8333 Powell Forge, Perezmouth, ND 35768",854.84,2024-04-08,Phone,False,7,Active,5983.88,North,106.86,True,18-25,Non-Binary
472,Jonathan,White,cainwanda@gmail.com,(965)549-4310x561,"04147 Aaron Loop, Adamfurt, TN 43091",686.19,2023-08-02,Email,False,7,Active,4803.33,North,85.77,False,65+,Non-Binary
473,Sherry,Morris,kenneth32@yahoo.com,797-315-4552x5607,"53866 Reid Spring, Peterburgh, MN 97552",131.84,2023-07-17,Email,True,3,Inactive,395.52,North,32.96,False,51-65,Male
474,William,King,brownbonnie@gmail.com,001-196-356-5862x0748,"8967 Jamie Row, Sherristad, AR 18458",254.13,2023-01-11,Email,True,10,Active,2541.3,East,23.1,False,51-65,Female
475,Scott,Miranda,kathy39@holden.com,883-766-9451x7912,"USS Williams, FPO AE 83792",66.0,2023-06-15,Email,True,4,Inactive,264.0,North,13.2,False,65+,Male
476,Louis,Ware,jasonbrown@matthews.info,+1-308-195-8757x165,"Unit 8290 Box 0326, DPO AE 83162",579.62,2022-12-30,Phone,True,5,Active,2898.1,South,96.6,False,36-50,Non-Binary
477,Michael,Harris,kristin25@yahoo.com,(105)544-0696,"Unit 7324 Box 3458, DPO AA 03173",112.33,2023-03-21,Phone,False,7,Inactive,786.31,West,14.04,False,65+,Male
478,Michelle,Jordan,shaneking@hotmail.com,+1-186-823-9350x716,"018 Smith Fork Apt. 603, East Donna, DC 04453",740.14,2024-08-08,Phone,True,1,Active,740.14,North,370.07,True,65+,Male
479,Yolanda,Bridges,rodrigueztara@ramirez-kline.biz,616-793-8426,"55741 Ashley Inlet Suite 461, Tylershire, RI 44435",669.96,2023-05-21,Email,False,3,Inactive,2009.88,East,167.49,True,65+,Female
480,Samuel,Ortega,martinvirginia@peterson-harrison.biz,001-010-476-9263,"9925 Melendez Cliff Suite 406, Gutierrezstad, LA 61607",762.25,2023-12-20,Email,False,7,Active,5335.75,West,95.28,True,26-35,Non-Binary
481,Debra,Blackwell,wendygutierrez@yahoo.com,(732)913-0214,"20303 Horne Keys, Olsonhaven, MD 79298",57.34,2023-11-04,Email,False,3,Active,172.02,North,14.34,True,51-65,Male
482,Monica,Bradley,garciamatthew@garza.com,473-883-5644x5097,"61850 Jennifer Squares Apt. 627, Lake Jonathanfurt, ND 21547",36.44,2023-09-24,Phone,False,9,Active,327.96,South,3.64,True,18-25,Female
483,Jason,Carrillo,mcooper@hotmail.com,616.138.1712,"1155 Robert Key Suite 634, North Rachelfurt, NV 04378",728.27,2023-07-11,Phone,True,9,Inactive,6554.43,North,72.83,False,26-35,Male
484,Crystal,Lee,thomasmegan@gmail.com,+1-919-257-1765,"536 Brown Vista Apt. 720, Lake Thomas, CA 40816",774.53,2023-11-01,Email,True,10,Active,7745.299999999999,North,70.41,False,36-50,Male
485,Danielle,George,qduncan@hotmail.com,282.622.1200,"679 Carrie Crossroad Suite 748, Hughesland, ME 37419",271.64,2023-09-08,Email,True,1,Active,271.64,South,135.82,False,65+,Female
486,Pamela,Anderson,katherine43@hudson-wiley.com,3401278716,"537 Davis Roads, East Mikeport, DE 62443",425.5,2024-11-11,Email,True,10,Inactive,4255.0,North,38.68,True,26-35,Non-Binary
487,Lisa,Johnson,jessica12@gmail.com,(381)103-3853,"359 Townsend Mews Suite 161, East Amyburgh, WV 99298",789.47,2024-10-30,Email,False,1,Active,789.47,West,394.74,True,26-35,Non-Binary
488,Denise,Gonzalez,berryjoshua@gmail.com,396-110-2363x63386,"4189 Bryan Heights Apt. 998, East Jasonville, MT 86964",650.41,2023-02-19,Phone,True,1,Inactive,650.41,North,325.2,False,18-25,Male
489,Jennifer,Allen,rebecca54@berg.com,304-739-8632x9289,"7341 Damon Creek, Lake Kevin, PA 95148",890.35,2023-06-04,Phone,False,10,Inactive,8903.5,West,80.94,False,65+,Non-Binary
490,Jennifer,Moon,nancy06@burton.com,+1-694-424-2495,"81917 Laura Unions, Rhondaton, UT 17617",984.34,2024-05-24,Phone,False,3,Inactive,2953.02,South,246.09,True,51-65,Male
491,Kevin,Mcclure,pamela42@gmail.com,001-373-306-5043x53660,"833 Robbins Keys, Johnmouth, DE 97525",288.35,2023-10-26,Email,True,7,Active,2018.4500000000003,East,36.04,False,26-35,Non-Binary
492,John,Bates,adriennepollard@jackson.com,(906)248-6668x31366,"69503 Marsh Burgs, Gonzalezshire, IN 22219",569.81,2023-06-13,Phone,True,1,Inactive,569.81,West,284.9,True,36-50,Female
493,Henry,Robertson,zacharymann@hotmail.com,(715)366-9994x743,"457 Mitchell Stravenue, Burkemouth, CT 06028",699.18,2023-04-12,Phone,True,2,Inactive,1398.36,North,233.06,True,18-25,Non-Binary
494,Gina,Todd,icastaneda@kennedy.biz,719-028-9168x11494,"USNS Mendez, FPO AE 28206",924.19,2024-01-18,Email,False,8,Inactive,7393.52,West,102.69,True,26-35,Non-Binary
495,Michelle,Reeves,jessicaware@smith.com,001-051-373-0001,"575 Jennifer Neck, Philipborough, NV 03253",477.68,2024-01-15,Phone,True,2,Inactive,955.36,East,159.23,False,51-65,Male
496,Juan,Greene,vegadiane@herrera.net,001-650-172-6771x7198,"4125 Taylor Ford, Scotttown, MA 73741",124.52,2023-01-10,Phone,True,7,Active,871.64,North,15.56,False,36-50,Male
497,Sherri,Gray,romanjustin@yahoo.com,8486373898,"USCGC Carrillo, FPO AE 89714",605.49,2024-07-15,Email,False,9,Inactive,5449.41,South,60.55,False,18-25,Female
498,Jason,Ballard,jose24@hotmail.com,(291)177-8449,"83817 Barbara Terrace Suite 280, South Teresa, MD 99263",627.88,2024-02-03,Phone,True,2,Active,1255.76,West,209.29,False,51-65,Male
499,Jennifer,Conway,charleswallace@allen-dixon.com,024-855-4934x58889,"17381 Brooks Mountain, Robbinsland, NH 28448",904.1,2023-12-13,Phone,True,4,Active,3616.4,South,180.82,True,36-50,Non-Binary
500,Bradley,Hill,patricia05@calderon.com,+1-170-680-2534x411,"85414 Daniel Road Apt. 874, Lake Stevenmouth, AZ 33651",50.57,2024-12-01,Email,False,2,Inactive,101.14,North,16.86,False,51-65,Female
501,Rachel,Scott,mary77@gmail.com,(705)153-3313x890,"0460 Brian Row Apt. 540, South Audrey, KY 81360",824.51,2024-01-21,Email,False,2,Inactive,1649.02,South,274.84,True,26-35,Male
502,Kristopher,Ortega,dustinthompson@gmail.com,2364530098,"USCGC Roberts, FPO AA 65005",970.78,2023-05-27,Email,False,0,Active,0.0,North,0.0,False,65+,Female
503,Richard,White,ericreynolds@gmail.com,078.313.4583x054,"USNS Ewing, FPO AP 64402",686.16,2024-07-31,Email,False,3,Active,2058.48,North,171.54,True,36-50,Male
504,Tracey,Pruitt,hectorsmith@anderson.com,001-666-345-5903,"033 Rogers Fall, Taylorland, PA 15616",776.91,2024-01-28,Email,False,5,Inactive,3884.5499999999997,West,129.48,True,51-65,Female
505,Ashley,Mullins,thomaspayne@yahoo.com,769.258.1816x0363,"61690 Ramos Lodge Suite 008, Wagnerborough, IA 35385",658.62,2023-04-15,Email,False,1,Active,658.62,West,329.31,False,65+,Male
506,James,Curtis,cynthiamiller@brady-foster.com,098.969.9947x3899,"6877 Luis Lock, North Mario, MA 05486",213.85,2024-09-08,Phone,False,2,Inactive,427.7,South,71.28,False,65+,Male
507,Katrina,Parker,henryjoshua@gmail.com,+1-502-708-3322x181,"USNV Hebert, FPO AE 92861",728.64,2023-11-09,Phone,False,4,Active,2914.56,West,145.73,True,18-25,Female
508,Mark,Harrison,angela10@gmail.com,494-704-4107x41887,"8732 Michael Tunnel, North Gary, MI 91346",184.88,2024-04-22,Phone,False,6,Inactive,1109.28,South,26.41,False,65+,Male
509,Alicia,Rivera,campbellkevin@hotmail.com,001-810-314-9622x20178,"84972 Heath Walks, South Kellyview, AZ 38239",559.24,2023-09-29,Email,True,8,Active,4473.92,West,62.14,True,18-25,Non-Binary
510,Tiffany,Chan,qaustin@stanley.info,349.098.1012,"34943 Cody Canyon Suite 494, Lake Josephchester, MT 73988",657.93,2023-07-04,Email,False,8,Active,5263.44,West,73.1,True,18-25,Non-Binary
511,Ann,Hart,chavezshawn@gibson.info,(590)220-8871x68540,"828 Scott Ranch, Brittneyside, NV 72846",315.09,2023-06-30,Phone,False,7,Inactive,2205.6299999999997,South,39.39,True,51-65,Female
512,William,Holland,phelpsfaith@gmail.com,9329153441,"74840 Jessica Meadow Apt. 354, West Jonathan, DC 58168",931.85,2023-06-15,Email,True,9,Active,8386.65,East,93.19,True,18-25,Male
513,Ryan,Lucas,kellymoreno@hotmail.com,634-449-2181,"433 Kathryn Forge, North Jamesfurt, MT 86451",940.76,2023-05-28,Email,False,0,Inactive,0.0,North,0.0,True,18-25,Non-Binary
514,Crystal,Anderson,mary36@hotmail.com,973.679.4047,"Unit 3219 Box 2466, DPO AP 75247",745.85,2023-02-20,Email,True,3,Inactive,2237.55,South,186.46,True,51-65,Female
515,Barry,Abbott,kprince@lane.biz,925.865.5278x8750,"3916 Gray Prairie, New Melissaville, AK 36480",31.75,2024-05-17,Email,False,2,Active,63.5,North,10.58,False,51-65,Non-Binary
516,Tyler,Ayers,mpowell@williams-atkins.com,461.892.6077x22421,"56779 Kimberly Fort Suite 405, South Benjaminhaven, VA 28307",333.58,2024-09-01,Phone,True,1,Active,333.58,South,166.79,False,18-25,Female
517,Alyssa,Stone,frederick87@martin.com,(360)183-3753,"020 Jesus Village Suite 315, Mooremouth, WI 97107",123.49,2023-08-19,Phone,False,2,Active,246.98,West,41.16,False,18-25,Non-Binary
518,Amanda,Roberts,katherinejones@johnson.com,001-507-593-8704,"USNV Thomas, FPO AP 13238",932.39,2024-03-12,Email,True,1,Active,932.39,North,466.19,True,51-65,Male
519,Sandra,Nunez,carterdonna@brennan-patterson.info,9491601640,"423 Christian Gateway, North Julieville, OH 19510",777.31,2023-06-05,Phone,False,3,Active,2331.93,North,194.33,False,36-50,Male
520,Justin,Washington,yschaefer@pacheco.net,001-020-758-3022x9153,"1616 Madison Islands, Port Brianshire, VA 78723",39.02,2023-08-08,Phone,False,8,Active,312.16,East,4.34,True,36-50,Female
521,Spencer,Cochran,michelleperry@king.net,452.805.5539x16305,"71176 Jennings Ramp, West Michellemouth, NV 34855",84.3,2024-10-21,Email,True,0,Active,0.0,North,0.0,True,18-25,Male
522,Sean,Ford,elizabeth25@gmail.com,088-063-3125x003,"118 Robert Ramp Suite 318, South Brian, NV 06008",831.62,2023-09-13,Email,True,10,Inactive,8316.2,West,75.6,True,26-35,Non-Binary
523,Whitney,Hicks,cardenascaleb@yahoo.com,(232)385-6941,"95974 Emily Court, Charleston, DC 17889",313.8,2023-11-06,Email,True,8,Active,2510.4,South,34.87,True,51-65,Female
524,Marc,Tran,benjamin30@gmail.com,+1-513-559-7527x67597,"7245 Taylor Parkways Apt. 283, South Karenhaven, CA 88649",332.83,2024-05-21,Phone,True,2,Inactive,665.66,North,110.94,True,18-25,Non-Binary
525,Philip,Carney,fletcherjohn@fisher-patterson.com,679-865-8460,"31987 Russell Extensions Suite 325, Brownton, OH 23733",606.46,2024-12-04,Email,False,5,Active,3032.3,South,101.08,True,51-65,Non-Binary
526,Brandon,Diaz,alyssa34@hotmail.com,464-719-5642x2680,"04577 Smith Falls, Evansside, CO 15601",304.12,2023-01-31,Phone,False,6,Active,1824.72,East,43.45,True,51-65,Non-Binary
527,Gabrielle,Rush,mary25@hotmail.com,026.502.0554,"62505 Moore Villages Apt. 503, East Lisaside, MA 89654",47.07,2024-07-09,Phone,False,3,Inactive,141.21,West,11.77,True,65+,Non-Binary
528,William,Smith,nancystevenson@peterson.com,001-223-056-2378,"96456 Kimberly Club Apt. 738, Lake Hannahborough, RI 41363",381.36,2024-08-17,Phone,True,9,Active,3432.2400000000002,West,38.14,False,26-35,Non-Binary
529,Amy,White,kstafford@medina-mathis.com,(516)623-4453x738,"8804 Andrew Green, Port Patricia, NY 81346",466.68,2023-02-12,Phone,False,0,Active,0.0,West,0.0,False,65+,Male
530,Omar,Freeman,jesse85@arias.info,6842138763,"8051 Stacy Islands, Annafurt, IL 27431",725.48,2023-06-27,Email,False,6,Active,4352.88,West,103.64,True,26-35,Female
531,Alicia,Cooper,morserenee@white.net,001-499-001-5184x2977,"127 Kyle Crossing Apt. 659, South Mary, AR 84927",637.12,2023-02-02,Phone,True,9,Active,5734.08,South,63.71,False,65+,Non-Binary
532,Alicia,Sandoval,drew50@reed.com,(459)647-8158x1087,"Unit 9391 Box 6579, DPO AA 33068",836.79,2024-11-02,Email,False,9,Active,7531.11,South,83.68,True,18-25,Female
533,Michelle,Murphy,pswanson@gmail.com,114.343.7104x64396,"7250 Stevens Isle, Cooperview, GA 28525",87.11,2024-11-08,Phone,True,0,Active,0.0,West,0.0,False,26-35,Non-Binary
534,Larry,Arnold,jillianwilliams@gmail.com,577.944.4283x9521,"182 Murray Spring, Daviestown, PA 36822",97.88,2023-03-29,Email,True,1,Active,97.88,South,48.94,True,65+,Male
535,Jillian,Phillips,reneehill@hotmail.com,492.018.2004,"304 Smith Key, South Jillianbury, NE 46974",824.69,2023-04-22,Phone,False,3,Inactive,2474.07,West,206.17,False,51-65,Female
536,Arthur,Wilson,ericksonmichael@medina.net,+1-835-139-9775,"04596 Erica Freeway, North Elizabethbury, ID 57790",821.59,2024-01-10,Phone,False,9,Inactive,7394.31,South,82.16,True,18-25,Male
537,Diana,Rowland,masseymelissa@campbell.net,002.559.1343x97807,"24304 Gordon Vista, South Cherylbury, IA 19729",77.66,2024-02-24,Email,True,5,Inactive,388.29999999999995,East,12.94,True,65+,Non-Binary
538,Linda,Coleman,eileen69@frey.net,184-017-0527x62803,"7397 Hubbard Underpass, Briggsfurt, ND 22240",167.91,2023-04-19,Email,True,8,Inactive,1343.28,East,18.66,False,26-35,Non-Binary
539,Ian,Allen,joshuagibbs@yahoo.com,384.123.1574,"1998 Karen Flats, Lopezberg, NH 06227",202.11,2023-08-14,Phone,False,1,Active,202.11,South,101.06,False,51-65,Female
540,Cassandra,Moreno,andreajohnson@hotmail.com,4449847636,"97090 Adrian Club, Jamestown, AL 47444",327.05,2024-04-13,Phone,True,7,Inactive,2289.35,East,40.88,True,36-50,Non-Binary
541,Jeffrey,Peters,markhickman@gmail.com,998-611-8700x66331,"2446 Jones Park, South Brianstad, TX 36968",65.51,2023-10-09,Email,True,5,Active,327.55,South,10.92,False,36-50,Male
542,Shelby,Floyd,xsullivan@yahoo.com,001-412-094-2955,"5395 Walker Mission Suite 568, West Susan, DE 90598",477.66,2024-08-23,Email,True,2,Active,955.32,East,159.22,False,26-35,Non-Binary
543,Matthew,Robinson,mgordon@cochran.com,6425854671,"191 Williams Knolls, West Amanda, SC 99882",981.38,2024-09-02,Phone,True,1,Active,981.38,West,490.69,False,26-35,Female
544,Krystal,Chen,hbarnes@hotmail.com,(978)988-8218x43697,"76223 Marcus Village Apt. 706, East Steven, CA 93971",792.89,2024-09-07,Phone,False,6,Inactive,4757.34,East,113.27,False,36-50,Female
545,Deborah,Washington,anthony69@yahoo.com,625.037.7280x5805,"1882 Dawn Parks, Patriciaborough, VA 62686",24.63,2022-12-27,Phone,True,3,Inactive,73.89,North,6.16,True,65+,Male
546,Daniel,Berry,victoriahull@flores.com,3234359001,"047 Gregory Vista, Port Douglas, AR 92028",99.95,2024-07-29,Email,True,5,Inactive,499.75,West,16.66,False,51-65,Female
547,Lauren,White,jacob16@smith-gonzalez.com,(861)485-2662x2481,"USNS Williams, FPO AP 31084",447.4,2023-06-24,Email,False,5,Active,2237.0,North,74.57,True,18-25,Non-Binary
548,Whitney,Ortiz,julian02@hotmail.com,677-198-3528,"Unit 6368 Box 5289, DPO AA 33847",205.54,2024-08-06,Phone,False,6,Inactive,1233.24,West,29.36,True,65+,Non-Binary
549,Donald,Allen,maddoxbrian@hotmail.com,001-625-147-3566,"74919 Wood Estates, Isaactown, KY 16457",704.41,2024-03-05,Phone,False,6,Inactive,4226.46,East,100.63,True,36-50,Female
550,Janet,James,aparks@hotmail.com,(709)512-8208x4749,"0687 Pineda Pines Apt. 264, Johnsonland, AK 98126",277.13,2024-02-20,Email,True,9,Active,2494.17,West,27.71,True,26-35,Female
551,Brooke,Black,calebmueller@hotmail.com,162-088-6630x184,"USCGC Powell, FPO AP 23650",548.14,2023-12-25,Email,True,10,Active,5481.4,South,49.83,False,51-65,Non-Binary
552,Taylor,Randall,bwebb@williams-wilcox.info,(406)845-4408,"7177 Luke Run Apt. 638, South Jessicamouth, SC 06385",708.37,2024-05-18,Email,False,8,Inactive,5666.96,South,78.71,True,51-65,Female
553,Ronald,James,chandlerjennifer@fitzpatrick.com,053-333-8603,"Unit 5187 Box 7958, DPO AP 71573",799.16,2024-04-29,Phone,True,5,Inactive,3995.7999999999997,South,133.19,True,26-35,Male
554,Linda,Wilson,dbryan@kelley.com,001-534-815-2126x330,"2997 Marie Park Suite 261, West Justin, NJ 51533",411.63,2023-12-02,Phone,False,0,Active,0.0,North,0.0,False,18-25,Non-Binary
555,Brent,Mcdonald,jacksonchristopher@gmail.com,(802)009-9524x277,"171 Morris Corner Suite 093, North Aprilberg, NH 31319",863.9,2024-06-22,Phone,True,5,Inactive,4319.5,South,143.98,True,36-50,Non-Binary
556,Justin,Snyder,mwilson@chase.com,593-970-3105,"57302 Latoya Brooks Apt. 968, East Teresa, LA 99189",866.25,2024-08-16,Email,False,8,Inactive,6930.0,South,96.25,False,65+,Male
557,Alicia,Ball,castroshelley@vega.biz,6498872587,"099 Bonnie Parkways, Denisemouth, MO 82256",529.0,2023-12-22,Email,True,8,Active,4232.0,South,58.78,False,26-35,Non-Binary
558,Bianca,Jones,veronicasmith@cunningham.com,307.915.4549x2183,"21325 Steven Isle Suite 047, Colleenfurt, WY 43611",417.87,2024-12-08,Email,False,5,Inactive,2089.35,East,69.64,False,36-50,Male
559,Sarah,White,wball@fields.org,+1-007-637-3947,"28655 Patel Ports, Toddstad, MA 06850",442.19,2023-02-28,Email,True,3,Inactive,1326.57,West,110.55,True,65+,Male
560,Phillip,Smith,donna81@gmail.com,051.772.6391x1189,"964 Destiny Isle, Rodriguezview, AZ 73306",205.45,2024-03-19,Email,True,7,Inactive,1438.1499999999999,East,25.68,True,65+,Non-Binary
561,Nicole,Daniels,kfrost@hotmail.com,001-455-463-1044x898,"819 Jordan Shore, South Richardmouth, OK 62948",127.29,2023-01-28,Email,True,7,Inactive,891.0300000000001,West,15.91,False,18-25,Non-Binary
562,Joseph,Collins,baileyethan@martin.com,+1-532-367-1924,"24087 Lucas Drives Apt. 753, North Amy, WY 42642",318.43,2023-07-21,Phone,False,3,Active,955.29,West,79.61,True,26-35,Non-Binary
563,Michael,Edwards,zporter@rogers-williams.com,7839661795,"PSC 8036, Box 9407, APO AE 88349",266.73,2024-10-30,Phone,True,9,Active,2400.57,West,26.67,True,36-50,Non-Binary
564,Thomas,Tyler,johnsonvincent@fisher.com,804.439.1701,"562 Jennifer Ports Apt. 063, Greerside, PA 06527",513.97,2024-03-30,Email,False,10,Active,5139.700000000001,North,46.72,True,18-25,Female
565,Kenneth,Smith,nelsondennis@hernandez.com,0383968576,"1716 Smith Skyway, Meganmouth, FL 56322",686.61,2023-05-23,Email,True,6,Inactive,4119.66,West,98.09,False,18-25,Non-Binary
566,Rebecca,Lopez,lbrown@harrison.com,932.491.9555x3826,"1280 Emily Loop, Mariahaven, SD 21591",429.61,2024-09-06,Email,True,8,Active,3436.88,North,47.73,False,51-65,Male
567,Lindsey,Barber,boliver@ryan-bell.net,+1-500-227-9324x6061,"27503 Colon Burg Suite 838, East Patricia, IN 51187",692.88,2024-06-14,Phone,True,2,Active,1385.76,West,230.96,True,65+,Female
568,Bryan,Torres,meganmerritt@hotmail.com,1494841248,"114 Omar Ferry, Lake Angela, MA 96472",962.27,2024-07-01,Email,True,2,Active,1924.54,North,320.76,True,18-25,Female
569,Rebekah,Rios,laura52@hotmail.com,367-200-1285x15339,"31144 Thomas Neck Suite 731, East Derek, NH 77314",408.24,2023-04-26,Phone,True,7,Inactive,2857.6800000000003,South,51.03,False,36-50,Male
570,Ryan,Sandoval,alangibbs@yahoo.com,266-976-9867x3770,"701 Thomas Walk Apt. 867, North Cassandra, GA 24976",306.94,2024-06-07,Email,False,7,Active,2148.58,South,38.37,False,26-35,Female
571,Kayla,Doyle,laurie59@hotmail.com,303-696-4489,"6363 Melissa Forges, North Steve, AR 52448",412.06,2023-04-01,Phone,True,5,Inactive,2060.3,East,68.68,False,18-25,Female
572,Justin,Williams,qfarmer@yahoo.com,845.025.1181,"602 Joseph Isle Apt. 978, Virginiaburgh, MO 84506",585.16,2024-04-02,Phone,False,5,Active,2925.7999999999997,West,97.53,False,26-35,Female
573,Lauren,Stewart,psimmons@hotmail.com,160-090-0691x50819,"USS Kline, FPO AE 43711",327.65,2024-03-31,Phone,False,3,Active,982.9499999999999,South,81.91,False,51-65,Female
574,Brandon,King,jamescook@yahoo.com,001-754-628-6003,"34531 Porter Avenue Apt. 439, New Nicoleburgh, IN 24665",898.53,2024-03-29,Phone,True,3,Active,2695.59,South,224.63,False,18-25,Male
575,Michael,Jones,nicholswesley@jackson.com,332.314.5185,"0157 Lane Causeway, East Shawn, KS 95902",505.08,2024-11-17,Phone,False,2,Inactive,1010.16,North,168.36,False,18-25,Non-Binary
576,Robert,Adams,eugeneclark@russell.com,001-948-224-3385x4467,"717 Mitchell Knolls Suite 452, Lake Jacob, IN 43005",578.09,2023-03-30,Phone,False,8,Inactive,4624.72,North,64.23,False,65+,Male
577,Jeffrey,Ruiz,stephanie91@wilson.info,001-479-257-8078,"908 Brown Divide, West Perry, MA 13525",475.3,2023-10-16,Email,True,1,Active,475.3,North,237.65,False,36-50,Non-Binary
578,Mark,Hernandez,crystalpadilla@yahoo.com,+1-090-695-3549,"1660 Anderson Roads Apt. 543, Kevinburgh, FL 81695",998.36,2023-12-27,Email,True,6,Active,5990.16,East,142.62,True,26-35,Male
579,Tracey,Bentley,gjordan@middleton.net,618.890.2434x02170,"Unit 4466 Box 1228, DPO AE 84246",536.5,2024-04-17,Email,True,7,Active,3755.5,South,67.06,True,18-25,Female
580,Vanessa,Smith,austin11@morris.com,1495921743,"43729 Hutchinson Garden Apt. 953, New Jessicaberg, WV 91736",860.76,2024-02-10,Email,False,4,Inactive,3443.04,South,172.15,True,36-50,Non-Binary
581,Tony,Massey,contrerasjessica@shields.net,001-760-247-1743x2383,"971 Maureen Villages Apt. 360, Davidberg, VT 61988",452.0,2023-12-12,Email,False,9,Active,4068.0,West,45.2,False,65+,Male
582,Johnny,Vasquez,christine60@christian-jimenez.net,+1-084-282-6301x8997,"4044 John Shore, Sloanchester, OR 23881",32.13,2023-10-20,Email,True,2,Active,64.26,East,10.71,True,65+,Female
583,Sandra,Walters,jenniferthomas@gomez.com,+1-648-349-3048,"95126 Jackson Harbor, Port Amberside, MT 86814",623.85,2023-11-03,Email,False,9,Inactive,5614.650000000001,North,62.39,False,26-35,Male
584,Susan,Howard,anna86@crawford.com,(015)298-9372x1087,"6435 James Islands Suite 889, Lake Keithmouth, ND 76227",375.46,2024-04-05,Phone,False,4,Inactive,1501.84,South,75.09,False,65+,Non-Binary
585,Tiffany,Duncan,butleramanda@yahoo.com,001-830-835-7020,"9669 Scott Ridges, Sharonhaven, SD 90528",811.78,2024-11-14,Email,False,6,Active,4870.68,South,115.97,True,26-35,Male
586,Alexis,Ferrell,robertsivan@gmail.com,+1-861-804-1047x004,"400 Good Extension, Elizabethborough, MS 08818",528.74,2023-01-24,Email,True,2,Inactive,1057.48,South,176.25,False,36-50,Female
587,Stacy,Ramirez,dustincalhoun@hotmail.com,001-872-732-5955x553,"6163 Small Ranch Suite 682, West Daniel, MS 38775",466.65,2024-01-01,Phone,True,9,Active,4199.849999999999,East,46.66,False,65+,Non-Binary
588,Philip,Green,robertrosales@hotmail.com,(084)547-1349x09002,"512 Ruiz Dale Suite 994, South Marcus, ND 38276",485.59,2024-02-16,Email,True,6,Inactive,2913.54,South,69.37,True,36-50,Male
589,Janice,Hall,edward36@campbell-caldwell.org,+1-786-367-0021x740,"987 Myers Gardens Suite 382, Mendozaburgh, MN 45117",749.87,2024-06-22,Phone,False,1,Active,749.87,West,374.94,False,26-35,Male
590,Jeffrey,Leach,jdeleon@gonzalez.com,661.854.7734x77653,"969 Suzanne Brooks Suite 305, West Donna, ME 85524",648.07,2024-05-20,Email,False,3,Inactive,1944.21,East,162.02,False,18-25,Non-Binary
591,Stephen,Butler,lyonsallison@adams-vaughan.com,2728002565,"737 Davis Greens Suite 261, Lake Tonya, MI 91135",574.37,2023-03-16,Email,False,8,Inactive,4594.96,South,63.82,True,18-25,Female
592,Randall,White,jamiesmith@yahoo.com,779.262.5280,"29613 Mcdonald Common, Lake Charlesside, SD 60104",850.69,2023-01-30,Email,True,6,Active,5104.14,South,121.53,False,36-50,Female
593,Sarah,Jones,kristijones@stevens-owen.net,367-076-7354x4357,"60658 Tracey Summit, Danielsside, NY 98020",755.93,2024-03-13,Email,False,9,Active,6803.37,East,75.59,False,18-25,Female
594,Shawn,Coleman,troy09@gmail.com,668-443-5936,"94928 White Landing Apt. 249, North Grantside, NH 39055",312.39,2023-04-22,Email,False,0,Active,0.0,East,0.0,False,26-35,Non-Binary
595,Jason,Smith,sheilatownsend@yahoo.com,732.378.9337,"USCGC Jenkins, FPO AP 98660",886.17,2024-08-20,Email,True,3,Inactive,2658.5099999999998,North,221.54,True,51-65,Non-Binary
596,Michelle,Morgan,thomasshane@stokes.org,+1-634-078-0987x53621,"258 Mullins Lakes Suite 458, Mcdonaldfurt, SC 54202",174.3,2023-09-17,Phone,False,5,Inactive,871.5,East,29.05,True,36-50,Male
597,Christopher,Gonzalez,richard12@hotmail.com,533-314-1090x3465,"0183 Joel Village Apt. 825, Johnsonview, MA 66482",128.17,2024-02-05,Phone,False,3,Inactive,384.51,North,32.04,True,18-25,Female
598,William,Fry,clawrence@sawyer.biz,+1-034-137-4850x15557,"2616 Mendoza Falls, North Heather, CO 48891",985.35,2023-11-27,Phone,True,9,Inactive,8868.15,North,98.53,True,36-50,Male
599,Christopher,Martinez,wilsondenise@gmail.com,(083)998-6318x63220,"5405 Rebecca Court, Clarkshire, ID 43332",364.24,2023-02-16,Phone,False,3,Active,1092.72,South,91.06,False,18-25,Female
